,artist,track,length,genre,date_entered,date_peaked,1st_week,2nd_week,3rd_week,4th_week,5th_week,6th_week,7th_week,8th_week,9th_week,10th_week,11th_week,12th_week,13th_week,14th_week,15th_week,16th_week,17th_week,18th_week,19th_week,20th_week,21st_week,22nd_week,23rd_week,24th_week,25th_week,26th_week,27th_week,28th_week,29th_week,30th_week,31st_week,32nd_week,33rd_week,34th_week,35th_week,36th_week,37th_week,38th_week,39th_week,40th_week,41st_week,42nd_week,43rd_week,44th_week,45th_week,46th_week,47th_week,48th_week,49th_week,50th_week,51st_week,52nd_week,53rd_week,54th_week,55th_week,56th_week,57th_week,58th_week,59th_week,60th_week,61st_week,62nd_week,63rd_week,64th_week,65th_week,weeks_on_chart,best_ranking
0,Destiny's Child,Independent Women Part I,3.63333333333,Rock,2000-09-23,2000-11-18,78.0,63.0,49.0,33.0,23.0,15.0,7.0,5.0,1.0,1.0,1.0,1.0,1.0,1.0,1.0,1.0,1.0,1.0,1.0,2.0,3.0,7.0,10.0,12.0,15.0,22.0,29.0,31.0,,,,,,,,,,,,,,,,,,,,,,,,,,,,,,,,,,,,,,28,1.0
1,Santana,"Maria, Maria",4.3,Rock,2000-02-12,2000-04-08,15.0,8.0,6.0,5.0,2.0,3.0,2.0,2.0,1.0,1.0,1.0,1.0,1.0,1.0,1.0,1.0,1.0,1.0,8.0,15.0,19.0,21.0,26.0,36.0,48.0,47.0,,,,,,,,,,,,,,,,,,,,,,,,,,,,,,,,,,,,,,,,26,1.0
2,Savage Garden,I Knew I Loved You,4.11666666667,Rock,1999-10-23,2000-01-29,71.0,48.0,43.0,31.0,20.0,13.0,7.0,6.0,4.0,4.0,4.0,6.0,4.0,2.0,1.0,1.0,1.0,2.0,1.0,2.0,4.0,8.0,8.0,12.0,14.0,17.0,21.0,24.0,30.0,34.0,37.0,46.0,47.0,,,,,,,,,,,,,,,,,,,,,,,,,,,,,,,,,33,1.0
3,Madonna,Music,3.75,Rock,2000-08-12,2000-09-16,41.0,23.0,18.0,14.0,2.0,1.0,1.0,1.0,1.0,2.0,2.0,2.0,2.0,2.0,4.0,8.0,11.0,16.0,20.0,25.0,27.0,27.0,29.0,44.0,,,,,,,,,,,,,,,,,,,,,,,,,,,,,,,,,,,,,,,,,,24,1.0
4,"Aguilera, Christina",Come On Over Baby (All I Want Is You),3.63333333333,Rock,2000-08-05,2000-10-14,57.0,47.0,45.0,29.0,23.0,18.0,11.0,9.0,9.0,11.0,1.0,1.0,1.0,1.0,4.0,8.0,12.0,22.0,23.0,43.0,44.0,,,,,,,,,,,,,,,,,,,,,,,,,,,,,,,,,,,,,,,,,,,,,21,1.0
5,Janet,Doesn't Really Matter,4.28333333333,Rock,2000-06-17,2000-08-26,59.0,52.0,43.0,30.0,29.0,22.0,15.0,10.0,10.0,5.0,1.0,1.0,1.0,2.0,2.0,3.0,3.0,7.0,8.0,20.0,25.0,37.0,40.0,41.0,,,,,,,,,,,,,,,,,,,,,,,,,,,,,,,,,,,,,,,,,,24,1.0
6,Destiny's Child,Say My Name,4.51666666667,Rock,1999-12-25,2000-03-18,83.0,83.0,44.0,38.0,16.0,13.0,16.0,16.0,16.0,18.0,17.0,14.0,1.0,1.0,1.0,2.0,2.0,3.0,5.0,5.0,5.0,7.0,10.0,13.0,14.0,18.0,23.0,23.0,34.0,37.0,43.0,47.0,,,,,,,,,,,,,,,,,,,,,,,,,,,,,,,,,,32,1.0
7,"Iglesias, Enrique",Be With You,3.6,Latin,2000-04-01,2000-06-24,63.0,45.0,34.0,23.0,17.0,12.0,9.0,8.0,8.0,6.0,5.0,4.0,1.0,1.0,1.0,3.0,11.0,14.0,24.0,28.0,,,,,,,,,,,,,,,,,,,,,,,,,,,,,,,,,,,,,,,,,,,,,,20,1.0
8,Sisqo,Incomplete,3.86666666667,Rock,2000-06-24,2000-08-12,77.0,66.0,61.0,61.0,61.0,55.0,2.0,1.0,1.0,2.0,2.0,4.0,5.0,5.0,7.0,8.0,10.0,10.0,9.0,14.0,17.0,20.0,25.0,31.0,32.0,46.0,,,,,,,,,,,,,,,,,,,,,,,,,,,,,,,,,,,,,,,,26,1.0
9,Lonestar,Amazed,4.41666666667,Country,1999-06-05,2000-03-04,81.0,54.0,44.0,39.0,38.0,33.0,29.0,29.0,32.0,27.0,26.0,24.0,27.0,32.0,33.0,35.0,35.0,40.0,43.0,50.0,,,,,,,,,,45.0,45.0,45.0,23.0,17.0,14.0,17.0,18.0,18.0,3.0,1.0,1.0,2.0,3.0,4.0,4.0,5.0,6.0,8.0,9.0,10.0,12.0,15.0,20.0,22.0,22.0,25.0,26.0,31.0,32.0,37.0,42.0,42.0,45.0,50.0,,55,1.0
10,N'Sync,It's Gonna Be Me,3.16666666667,Rock,2000-05-06,2000-07-29,82.0,70.0,51.0,39.0,26.0,19.0,15.0,9.0,7.0,7.0,5.0,4.0,1.0,1.0,3.0,4.0,6.0,10.0,13.0,15.0,18.0,23.0,28.0,38.0,48.0,,,,,,,,,,,,,,,,,,,,,,,,,,,,,,,,,,,,,,,,,25,1.0
11,"Aguilera, Christina",What A Girl Wants,3.3,Rock,1999-11-27,2000-01-15,71.0,51.0,28.0,18.0,13.0,13.0,11.0,1.0,1.0,2.0,2.0,3.0,3.0,4.0,12.0,11.0,13.0,15.0,18.0,20.0,30.0,40.0,39.0,44.0,,,,,,,,,,,,,,,,,,,,,,,,,,,,,,,,,,,,,,,,,,24,1.0
12,Vertical Horizon,Everything You Want,4.01666666667,Rock,2000-01-22,2000-07-15,70.0,61.0,53.0,46.0,40.0,33.0,31.0,26.0,22.0,19.0,17.0,15.0,13.0,9.0,9.0,8.0,8.0,6.0,7.0,7.0,8.0,3.0,3.0,6.0,6.0,1.0,2.0,3.0,4.0,7.0,9.0,10.0,18.0,20.0,27.0,29.0,36.0,40.0,50.0,47.0,50.0,,,,,,,,,,,,,,,,,,,,,,,,,41,1.0
13,Creed,With Arms Wide Open,3.86666666667,Rock,2000-05-13,2000-11-11,84.0,78.0,76.0,74.0,70.0,68.0,74.0,75.0,69.0,74.0,70.0,79.0,84.0,86.0,76.0,62.0,45.0,29.0,19.0,11.0,10.0,7.0,5.0,3.0,3.0,3.0,1.0,2.0,2.0,3.0,3.0,3.0,4.0,5.0,5.0,5.0,5.0,9.0,12.0,13.0,13.0,17.0,22.0,26.0,28.0,37.0,41.0,,,,,,,,,,,,,,,,,,,47,1.0
14,Aaliyah,Try Again,4.05,Rock,2000-03-18,2000-06-17,59.0,53.0,38.0,28.0,21.0,18.0,16.0,14.0,12.0,10.0,9.0,8.0,6.0,1.0,2.0,2.0,2.0,2.0,3.0,4.0,5.0,5.0,6.0,9.0,13.0,14.0,16.0,23.0,22.0,33.0,36.0,43.0,,,,,,,,,,,,,,,,,,,,,,,,,,,,,,,,,,32,1.0
15,matchbox twenty,Bent,4.2,Rock,2000-04-29,2000-07-22,60.0,37.0,29.0,24.0,22.0,21.0,18.0,16.0,13.0,12.0,8.0,6.0,1.0,2.0,3.0,2.0,2.0,3.0,4.0,5.0,4.0,4.0,6.0,9.0,12.0,13.0,19.0,20.0,20.0,24.0,29.0,28.0,27.0,30.0,33.0,37.0,38.0,38.0,48.0,,,,,,,,,,,,,,,,,,,,,,,,,,,39,1.0
16,"Carey, Mariah",Thank God I Found You,4.23333333333,Rock,1999-12-11,2000-02-19,82.0,68.0,50.0,50.0,41.0,37.0,26.0,22.0,22.0,2.0,1.0,2.0,4.0,13.0,21.0,28.0,43.0,57.0,82.0,89.0,,,,,,,,,,,,,,,,,,,,,,,,,,,,,,,,,,,,,,,,,,,,,,20,1.0
17,"Hill, Faith",Breathe,4.06666666667,Rap,1999-11-06,2000-04-22,81.0,68.0,62.0,51.0,42.0,35.0,28.0,28.0,28.0,43.0,30.0,23.0,23.0,21.0,21.0,21.0,5.0,3.0,3.0,4.0,4.0,3.0,3.0,3.0,2.0,2.0,3.0,3.0,2.0,2.0,3.0,4.0,2.0,5.0,8.0,11.0,13.0,14.0,18.0,22.0,23.0,22.0,24.0,30.0,31.0,31.0,38.0,39.0,42.0,49.0,49.0,48.0,47.0,,,,,,,,,,,,,53,2.0
18,Mya,Case Of The Ex (Whatcha Gonna Do),3.83333333333,Rock,2000-08-19,2000-12-02,72.0,57.0,52.0,47.0,42.0,31.0,24.0,18.0,17.0,17.0,17.0,10.0,9.0,9.0,7.0,2.0,2.0,2.0,3.0,4.0,4.0,4.0,4.0,8.0,11.0,15.0,19.0,24.0,23.0,35.0,,,,,,,,,,,,,,,,,,,,,,,,,,,,,,,,,,,,30,2.0
19,Dream,He Loves U Not,3.71666666667,Rock,2000-09-30,2000-12-30,99.0,92.0,81.0,59.0,47.0,42.0,32.0,27.0,18.0,18.0,11.0,8.0,5.0,2.0,2.0,3.0,3.0,3.0,7.0,9.0,10.0,11.0,10.0,19.0,23.0,28.0,38.0,46.0,,,,,,,,,,,,,,,,,,,,,,,,,,,,,,,,,,,,,,28,2.0
20,"Braxton, Toni",He Wasn't Man Enough,4.35,Rock,2000-03-18,2000-05-06,63.0,55.0,48.0,39.0,35.0,24.0,3.0,2.0,2.0,4.0,4.0,5.0,11.0,12.0,16.0,15.0,14.0,14.0,12.0,10.0,11.0,13.0,13.0,13.0,15.0,16.0,14.0,13.0,17.0,19.0,23.0,29.0,37.0,33.0,34.0,41.0,48.0,,,,,,,,,,,,,,,,,,,,,,,,,,,,,37,2.0
21,"Anthony, Marc",You Sang To Me,3.83333333333,Latin,2000-02-26,2000-06-03,77.0,54.0,50.0,43.0,30.0,27.0,21.0,18.0,15.0,13.0,13.0,13.0,13.0,5.0,2.0,2.0,5.0,7.0,9.0,12.0,12.0,16.0,20.0,20.0,22.0,25.0,26.0,29.0,35.0,33.0,40.0,44.0,,,,,,,,,,,,,,,,,,,,,,,,,,,,,,,,,,32,2.0
22,98¡,Give Me Just One Night (Una Noche),3.4,Rock,2000-08-19,2000-09-30,51.0,39.0,34.0,26.0,26.0,19.0,2.0,2.0,3.0,6.0,7.0,22.0,29.0,36.0,47.0,67.0,66.0,84.0,93.0,94.0,,,,,,,,,,,,,,,,,,,,,,,,,,,,,,,,,,,,,,,,,,,,,,20,2.0
23,Destiny's Child,Jumpin' Jumpin',3.8,Rock,2000-05-13,2000-08-19,74.0,71.0,65.0,62.0,57.0,50.0,40.0,37.0,22.0,18.0,13.0,8.0,6.0,4.0,3.0,4.0,3.0,3.0,3.0,3.0,4.0,4.0,6.0,7.0,6.0,8.0,10.0,15.0,24.0,30.0,35.0,39.0,,,,,,,,,,,,,,,,,,,,,,,,,,,,,,,,,,32,3.0
24,3 Doors Down,Kryptonite,3.88333333333,Rock,2000-04-08,2000-11-11,81.0,70.0,68.0,67.0,66.0,57.0,54.0,53.0,51.0,51.0,51.0,51.0,47.0,44.0,38.0,28.0,22.0,18.0,18.0,14.0,12.0,7.0,6.0,6.0,6.0,5.0,5.0,4.0,4.0,4.0,4.0,3.0,3.0,3.0,4.0,5.0,5.0,9.0,9.0,15.0,14.0,13.0,14.0,16.0,17.0,21.0,22.0,24.0,28.0,33.0,42.0,42.0,49.0,,,,,,,,,,,,,53,3.0
25,Sisqo,Thong Song,4.08333333333,Rock,2000-01-29,2000-05-20,74.0,63.0,35.0,26.0,26.0,23.0,20.0,16.0,13.0,10.0,6.0,6.0,5.0,4.0,4.0,4.0,3.0,3.0,4.0,3.0,7.0,8.0,13.0,17.0,24.0,31.0,43.0,46.0,,,,,,,,,,,,,,,,,,,,,,,,,,,,,,,,,,,,,,28,3.0
26,"Aguilera, Christina",I Turn To You,4.0,Rock,2000-04-15,2000-07-01,50.0,39.0,30.0,28.0,21.0,19.0,20.0,17.0,17.0,17.0,17.0,3.0,3.0,7.0,10.0,17.0,25.0,29.0,29.0,40.0,43.0,50.0,,,,,,,,,,,,,,,,,,,,,,,,,,,,,,,,,,,,,,,,,,,,22,3.0
27,"Houston, Whitney",My Love Is Your Love,4.26666666667,Rock,1999-09-04,2000-01-08,81.0,68.0,44.0,16.0,11.0,9.0,8.0,7.0,8.0,7.0,8.0,8.0,6.0,6.0,5.0,5.0,5.0,5.0,4.0,6.0,10.0,10.0,11.0,20.0,22.0,27.0,34.0,49.0,,,,,,,,,,,,,,,,,,,,,,,,,,,,,,,,,,,,,,28,4.0
28,Joe,I Wanna Know,4.95,Rock,2000-01-01,2000-07-01,94.0,86.0,69.0,50.0,41.0,33.0,32.0,28.0,28.0,27.0,27.0,25.0,23.0,20.0,17.0,15.0,14.0,11.0,11.0,14.0,11.0,11.0,10.0,12.0,10.0,6.0,4.0,5.0,4.0,5.0,5.0,7.0,6.0,8.0,5.0,6.0,9.0,9.0,8.0,14.0,16.0,20.0,32.0,45.0,,,,,,,,,,,,,,,,,,,,,,44,4.0
29,"Jordan, Montell",Get It On.. Tonite,4.56666666667,Rap,1999-10-23,2000-02-12,92.0,80.0,72.0,69.0,67.0,61.0,54.0,43.0,38.0,24.0,24.0,20.0,19.0,15.0,15.0,5.0,4.0,4.0,7.0,10.0,5.0,9.0,9.0,7.0,9.0,10.0,10.0,15.0,18.0,23.0,30.0,42.0,,,,,,,,,,,,,,,,,,,,,,,,,,,,,,,,,,32,4.0
30,N'Sync,Bye Bye Bye,3.25,Rock,2000-01-29,2000-04-15,42.0,20.0,19.0,14.0,13.0,7.0,6.0,5.0,5.0,5.0,5.0,4.0,4.0,6.0,6.0,7.0,9.0,12.0,18.0,20.0,27.0,34.0,40.0,,,,,,,,,,,,,,,,,,,,,,,,,,,,,,,,,,,,,,,,,,,23,4.0
31,Eminem,The Real Slim Shady,4.7,Rap,2000-05-06,2000-06-24,70.0,32.0,20.0,16.0,11.0,7.0,6.0,4.0,5.0,4.0,8.0,9.0,16.0,30.0,49.0,68.0,83.0,88.0,98.0,,,,,,,,,,,,,,,,,,,,,,,,,,,,,,,,,,,,,,,,,,,,,,,19,4.0
32,Pink,Most Girls,4.1,Rock,2000-08-12,2000-11-25,85.0,70.0,52.0,36.0,27.0,21.0,15.0,13.0,12.0,8.0,5.0,5.0,5.0,6.0,5.0,4.0,6.0,8.0,11.0,14.0,14.0,16.0,18.0,21.0,26.0,39.0,46.0,,,,,,,,,,,,,,,,,,,,,,,,,,,,,,,,,,,,,,,27,4.0
33,"Mumba, Samantha",Gotta Tell You,3.31666666667,Rock,2000-09-09,2000-12-09,85.0,72.0,65.0,49.0,39.0,25.0,20.0,10.0,9.0,8.0,6.0,5.0,7.0,4.0,6.0,7.0,13.0,17.0,17.0,23.0,29.0,36.0,,,,,,,,,,,,,,,,,,,,,,,,,,,,,,,,,,,,,,,,,,,,22,4.0
34,Blaque,Bring It All To Me,3.76666666667,Pop,1999-10-23,2000-01-22,73.0,63.0,50.0,42.0,24.0,19.0,17.0,14.0,11.0,9.0,9.0,9.0,10.0,5.0,5.0,6.0,8.0,9.0,15.0,15.0,18.0,17.0,18.0,19.0,19.0,22.0,26.0,32.0,42.0,,,,,,,,,,,,,,,,,,,,,,,,,,,,,,,,,,,,,29,5.0
35,"Elliott, Missy ""Misdemeanor""",Hot Boyz,3.85,Rap,1999-11-27,2000-01-08,36.0,21.0,13.0,9.0,7.0,7.0,5.0,7.0,7.0,7.0,8.0,11.0,7.0,10.0,11.0,12.0,15.0,17.0,23.0,30.0,38.0,,,,,,,,,,,,,,,,,,,,,,,,,,,,,,,,,,,,,,,,,,,,,21,5.0
36,"Gray, Macy",I Try,3.86666666667,Rock,2000-02-19,2000-05-20,68.0,51.0,47.0,36.0,30.0,20.0,15.0,12.0,8.0,7.0,7.0,7.0,6.0,5.0,6.0,9.0,10.0,11.0,14.0,16.0,16.0,16.0,21.0,27.0,34.0,40.0,46.0,,,,,,,,,,,,,,,,,,,,,,,,,,,,,,,,,,,,,,,27,5.0
37,N'Sync,This I Promise You,4.38333333333,Rock,2000-09-30,2000-12-02,68.0,31.0,19.0,15.0,11.0,6.0,7.0,7.0,6.0,5.0,6.0,7.0,10.0,12.0,11.0,9.0,11.0,12.0,20.0,22.0,26.0,30.0,30.0,39.0,41.0,49.0,,,,,,,,,,,,,,,,,,,,,,,,,,,,,,,,,,,,,,,,26,5.0
38,Ruff Endz,No More,3.93333333333,Rock,2000-07-01,2000-09-02,76.0,38.0,19.0,17.0,12.0,15.0,12.0,10.0,7.0,5.0,8.0,8.0,10.0,12.0,14.0,15.0,19.0,23.0,21.0,18.0,19.0,22.0,23.0,24.0,33.0,38.0,,,,,,,,,,,,,,,,,,,,,,,,,,,,,,,,,,,,,,,,26,5.0
39,"Backstreet Boys, The",Show Me The Meaning Of Being Lonely,3.9,Rock,2000-01-01,2000-03-18,74.0,62.0,55.0,25.0,16.0,14.0,12.0,10.0,12.0,9.0,7.0,6.0,6.0,6.0,8.0,9.0,13.0,19.0,23.0,26.0,32.0,34.0,45.0,47.0,,,,,,,,,,,,,,,,,,,,,,,,,,,,,,,,,,,,,,,,,,24,6.0
40,Nine Days,Absolutely (Story Of A Girl),3.15,Rock,2000-05-06,2000-07-22,85.0,71.0,59.0,52.0,39.0,34.0,26.0,20.0,17.0,13.0,11.0,6.0,6.0,8.0,8.0,7.0,8.0,9.0,11.0,12.0,14.0,18.0,26.0,30.0,36.0,41.0,48.0,,,,,,,,,,,,,,,,,,,,,,,,,,,,,,,,,,,,,,,27,6.0
41,"Dion, Celine",That's The Way It Is,4.05,Rock,1999-11-13,2000-03-04,74.0,68.0,65.0,49.0,44.0,34.0,30.0,30.0,17.0,14.0,11.0,8.0,9.0,10.0,11.0,11.0,6.0,8.0,7.0,7.0,9.0,10.0,14.0,16.0,26.0,31.0,35.0,42.0,,,,,,,,,,,,,,,,,,,,,,,,,,,,,,,,,,,,,,28,6.0
42,Blink-182,All The Small Things,2.86666666667,Rock,1999-12-04,2000-02-19,89.0,76.0,69.0,59.0,59.0,51.0,50.0,35.0,26.0,15.0,7.0,6.0,8.0,8.0,9.0,11.0,14.0,16.0,18.0,23.0,33.0,41.0,43.0,,,,,,,,,,,,,,,,,,,,,,,,,,,,,,,,,,,,,,,,,,,23,6.0
43,Eiffel 65,Blue (Da Ba Dee),3.48333333333,Electronica,1999-12-11,2000-01-29,67.0,29.0,16.0,16.0,13.0,11.0,9.0,6.0,7.0,9.0,13.0,19.0,21.0,24.0,32.0,42.0,56.0,60.0,76.0,88.0,,,,,,,,,,,,,,,,,,,,,,,,,,,,,,,,,,,,,,,,,,,,,,20,6.0
44,"Badu, Erkyah",Bag Lady,5.05,Rock,2000-08-19,2000-10-07,67.0,53.0,42.0,41.0,48.0,42.0,34.0,6.0,9.0,9.0,8.0,11.0,15.0,21.0,26.0,29.0,26.0,38.0,56.0,66.0,,,,,,,,,,,,,,,,,,,,,,,,,,,,,,,,,,,,,,,,,,,,,,20,6.0
45,Pink,There U Go,3.38333333333,Rock,2000-03-04,2000-04-08,25.0,15.0,12.0,11.0,11.0,7.0,7.0,12.0,14.0,15.0,15.0,17.0,19.0,16.0,15.0,14.0,12.0,10.0,10.0,10.0,8.0,9.0,12.0,16.0,20.0,22.0,33.0,39.0,39.0,41.0,46.0,44.0,,,,,,,,,,,,,,,,,,,,,,,,,,,,,,,,,,32,7.0
46,Creed,Higher,5.26666666667,Rock,1999-09-11,2000-07-22,81.0,77.0,73.0,63.0,61.0,58.0,56.0,52.0,56.0,57.0,57.0,57.0,57.0,57.0,60.0,61.0,61.0,57.0,60.0,61.0,,,,,,,,,43.0,41.0,34.0,28.0,25.0,23.0,22.0,16.0,16.0,18.0,14.0,13.0,13.0,11.0,11.0,9.0,9.0,7.0,7.0,9.0,9.0,12.0,14.0,16.0,17.0,17.0,21.0,26.0,29.0,32.0,39.0,39.0,43.0,47.0,50.0,50.0,49.0,57,7.0
47,Nelly,(Hot S**t) Country Grammar,4.28333333333,Rap,2000-04-29,2000-09-16,100.0,99.0,96.0,76.0,55.0,37.0,24.0,24.0,30.0,36.0,37.0,30.0,23.0,21.0,17.0,17.0,15.0,11.0,11.0,10.0,7.0,7.0,8.0,10.0,11.0,12.0,12.0,17.0,19.0,23.0,33.0,37.0,36.0,49.0,,,,,,,,,,,,,,,,,,,,,,,,,,,,,,,,34,7.0
48,Next,Wifey,4.05,Rock,2000-05-27,2000-09-09,85.0,61.0,46.0,40.0,36.0,31.0,25.0,22.0,25.0,24.0,21.0,20.0,19.0,19.0,8.0,7.0,10.0,12.0,21.0,25.0,35.0,,,,,,,,,,,,,,,,,,,,,,,,,,,,,,,,,,,,,,,,,,,,,21,7.0
49,Kenny G,Auld Lang Syne (The Millenium Mix),7.83333333333,Jazz,1999-12-25,2000-01-08,89.0,89.0,7.0,8.0,66.0,,,,,,,,,,,,,,,,,,,,,,,,,,,,,,,,,,,,,,,,,,,,,,,,,,,,,,,,,,,,,5,7.0
50,Sonique,It Feels So Good,3.8,Rock,2000-01-22,2000-04-22,67.0,52.0,30.0,23.0,19.0,17.0,16.0,16.0,14.0,12.0,13.0,13.0,11.0,8.0,10.0,10.0,11.0,14.0,17.0,19.0,21.0,31.0,38.0,49.0,,,,,,,,,,,,,,,,,,,,,,,,,,,,,,,,,,,,,,,,,,24,8.0
51,"Spears, Britney",Oops!.. I Did It Again,3.5,Rock,2000-04-22,2000-06-10,67.0,38.0,26.0,19.0,15.0,13.0,12.0,9.0,9.0,10.0,14.0,15.0,17.0,24.0,35.0,49.0,77.0,85.0,90.0,96.0,,,,,,,,,,,,,,,,,,,,,,,,,,,,,,,,,,,,,,,,,,,,,,20,9.0
52,"Backstreet Boys, The",Shape Of My Heart,3.81666666667,Rock,2000-10-14,2000-12-02,39.0,25.0,24.0,15.0,12.0,12.0,10.0,9.0,10.0,12.0,17.0,19.0,29.0,26.0,24.0,31.0,52.0,63.0,62.0,70.0,,,,,,,,,,,,,,,,,,,,,,,,,,,,,,,,,,,,,,,,,,,,,,20,9.0
53,Everclear,Wonderful,4.5,Rock,2000-07-08,2000-09-30,77.0,69.0,53.0,37.0,33.0,25.0,24.0,23.0,22.0,25.0,28.0,25.0,11.0,13.0,13.0,11.0,18.0,28.0,36.0,39.0,45.0,,,,,,,,,,,,,,,,,,,,,,,,,,,,,,,,,,,,,,,,,,,,,21,11.0
54,Ja Rule,Between Me And You,4.08333333333,Rap,2000-09-16,2000-11-18,85.0,74.0,61.0,37.0,27.0,22.0,22.0,16.0,14.0,11.0,11.0,14.0,17.0,18.0,18.0,21.0,30.0,30.0,42.0,53.0,,,,,,,,,,,,,,,,,,,,,,,,,,,,,,,,,,,,,,,,,,,,,,20,11.0
55,"Rimes, LeAnn",I Need You,3.7,Country,2000-05-27,2000-08-12,77.0,68.0,67.0,63.0,59.0,59.0,59.0,53.0,51.0,50.0,13.0,11.0,11.0,15.0,12.0,12.0,13.0,16.0,19.0,21.0,21.0,24.0,25.0,30.0,41.0,,,,,,,,,,,,,,,,,,,,,,,,,,,,,,,,,,,,,,,,,25,11.0
56,Smash Mouth,Then The Morning Comes,3.06666666667,Rock,1999-10-30,2000-01-29,83.0,59.0,56.0,46.0,27.0,23.0,19.0,16.0,14.0,14.0,16.0,15.0,12.0,11.0,13.0,17.0,20.0,23.0,24.0,25.0,27.0,31.0,33.0,35.0,41.0,48.0,,,,,,,,,,,,,,,,,,,,,,,,,,,,,,,,,,,,,,,,26,11.0
57,Jay-Z,I Just Wanna Love U (Give It 2 Me),3.83333333333,Rap,2000-10-28,2000-12-30,58.0,45.0,35.0,26.0,23.0,19.0,14.0,14.0,13.0,11.0,12.0,12.0,12.0,15.0,15.0,19.0,24.0,28.0,29.0,30.0,40.0,,,,,,,,,,,,,,,,,,,,,,,,,,,,,,,,,,,,,,,,,,,,,21,11.0
58,Jagged Edge,Let's Get Married,4.38333333333,Rock,2000-05-06,2000-07-29,77.0,66.0,55.0,45.0,38.0,42.0,33.0,29.0,28.0,26.0,23.0,15.0,11.0,14.0,14.0,17.0,20.0,20.0,21.0,23.0,24.0,29.0,36.0,47.0,,,,,,,,,,,,,,,,,,,,,,,,,,,,,,,,,,,,,,,,,,24,11.0
59,Filter,Take A Picture,4.38333333333,Rock,1999-11-27,2000-02-05,91.0,74.0,64.0,52.0,38.0,38.0,34.0,31.0,21.0,19.0,12.0,13.0,15.0,20.0,19.0,22.0,23.0,24.0,31.0,42.0,,,,,,,,,,,,,,,,,,,,,,,,,,,,,,,,,,,,,,,,,,,,,,20,12.0
60,"Martin, Ricky",She Bangs,4.03333333333,Latin,2000-10-07,2000-12-02,38.0,28.0,21.0,21.0,18.0,16.0,13.0,13.0,12.0,20.0,22.0,29.0,43.0,54.0,55.0,73.0,92.0,100.0,,,,,,,,,,,,,,,,,,,,,,,,,,,,,,,,,,,,,,,,,,,,,,,,18,12.0
61,Mystikal,Shake Ya Ass,4.76666666667,Rap,2000-08-12,2000-10-28,97.0,90.0,65.0,41.0,34.0,25.0,22.0,15.0,15.0,14.0,14.0,13.0,13.0,13.0,17.0,19.0,24.0,30.0,42.0,58.0,,,,,,,,,,,,,,,,,,,,,,,,,,,,,,,,,,,,,,,,,,,,,,20,13.0
62,BBMak,Back Here,3.58333333333,Rock,2000-04-29,2000-07-29,99.0,86.0,60.0,52.0,38.0,34.0,28.0,21.0,18.0,18.0,19.0,15.0,18.0,13.0,16.0,15.0,16.0,16.0,17.0,15.0,18.0,17.0,16.0,22.0,24.0,30.0,36.0,37.0,42.0,45.0,49.0,,,,,,,,,,,,,,,,,,,,,,,,,,,,,,,,,,,31,13.0
63,"Spears, Britney",From The Bottom Of My Broken Heart,4.5,Rock,2000-01-29,2000-02-26,76.0,59.0,52.0,52.0,14.0,14.0,17.0,24.0,33.0,35.0,41.0,45.0,54.0,64.0,64.0,81.0,97.0,92.0,86.0,90.0,,,,,,,,,,,,,,,,,,,,,,,,,,,,,,,,,,,,,,,,,,,,,,20,14.0
64,Third Eye Blind,Never Let You Go,3.95,Rock,2000-01-22,2000-04-01,65.0,32.0,25.0,24.0,23.0,22.0,22.0,21.0,19.0,16.0,14.0,16.0,16.0,17.0,18.0,21.0,22.0,25.0,27.0,33.0,45.0,46.0,,,,,,,,,,,,,,,,,,,,,,,,,,,,,,,,,,,,,,,,,,,,22,14.0
65,Red Hot Chili Peppers,Otherside,4.21666666667,Rock,2000-02-12,2000-05-27,80.0,72.0,65.0,52.0,51.0,49.0,40.0,37.0,32.0,29.0,29.0,29.0,29.0,24.0,18.0,14.0,15.0,16.0,19.0,22.0,29.0,45.0,,,,,,,,,,,,,,,,,,,,,,,,,,,,,,,,,,,,,,,,,,,,22,14.0
66,Profyle,Liar,3.95,R&B,2000-09-16,2000-10-28,52.0,32.0,25.0,17.0,16.0,16.0,14.0,19.0,24.0,33.0,35.0,43.0,54.0,61.0,69.0,75.0,86.0,81.0,94.0,99.0,,,,,,,,,,,,,,,,,,,,,,,,,,,,,,,,,,,,,,,,,,,,,,20,14.0
67,Barenaked Ladies,Pinch Me,3.76666666667,Rock,2000-09-09,2000-11-25,77.0,76.0,69.0,45.0,51.0,37.0,33.0,29.0,26.0,25.0,16.0,15.0,15.0,19.0,19.0,20.0,22.0,20.0,21.0,34.0,44.0,,,,,,,,,,,,,,,,,,,,,,,,,,,,,,,,,,,,,,,,,,,,,21,15.0
68,Jagged Edge,He Can't Love U,3.5,Rock,1999-12-11,2000-01-08,54.0,32.0,17.0,17.0,15.0,18.0,18.0,18.0,18.0,25.0,24.0,24.0,26.0,33.0,44.0,51.0,53.0,65.0,69.0,77.0,,,,,,,,,,,,,,,,,,,,,,,,,,,,,,,,,,,,,,,,,,,,,,20,15.0
69,504 Boyz,Wobble Wobble,3.58333333333,Rap,2000-04-15,2000-05-06,57.0,34.0,25.0,17.0,17.0,31.0,36.0,49.0,53.0,57.0,64.0,70.0,75.0,76.0,78.0,85.0,92.0,96.0,,,,,,,,,,,,,,,,,,,,,,,,,,,,,,,,,,,,,,,,,,,,,,,,18,17.0
70,Sting,Desert Rose,3.86666666667,Rock,2000-05-13,2000-08-26,98.0,88.0,72.0,59.0,55.0,52.0,45.0,35.0,24.0,21.0,19.0,19.0,19.0,19.0,18.0,17.0,19.0,19.0,24.0,26.0,30.0,32.0,42.0,45.0,42.0,49.0,,,,,,,,,,,,,,,,,,,,,,,,,,,,,,,,,,,,,,,,26,17.0
71,Jay-Z,Big Pimpin',3.91666666667,Rap,2000-04-22,2000-07-08,69.0,52.0,39.0,33.0,28.0,25.0,25.0,23.0,20.0,19.0,21.0,18.0,20.0,20.0,26.0,29.0,35.0,33.0,41.0,50.0,,,,,,,,,,,,,,,,,,,,,,,,,,,,,,,,,,,,,,,,,,,,,,20,18.0
72,Kid Rock,Only God Knows Why,5.45,Rock,2000-02-19,2000-04-15,63.0,47.0,46.0,39.0,35.0,26.0,26.0,23.0,19.0,19.0,21.0,25.0,25.0,29.0,32.0,44.0,52.0,62.0,69.0,78.0,,,,,,,,,,,,,,,,,,,,,,,,,,,,,,,,,,,,,,,,,,,,,,20,19.0
73,Foo Fighters,Learn To Fly,3.91666666667,Rock,1999-10-16,2000-01-22,80.0,69.0,68.0,63.0,60.0,52.0,42.0,32.0,30.0,25.0,22.0,22.0,26.0,20.0,19.0,20.0,26.0,30.0,35.0,42.0,50.0,,,,,,,,,,,,,,,,,,,,,,,,,,,,,,,,,,,,,,,,,,,,,21,19.0
74,"Dixie Chicks, The",Goodbye Earl,4.31666666667,Country,2000-03-18,2000-05-06,40.0,29.0,24.0,24.0,20.0,20.0,20.0,19.0,38.0,61.0,86.0,88.0,96.0,96.0,98.0,,,,,,,,,,,,,,,,,,,,,,,,,,,,,,,,,,,,,,,,,,,,,,,,,,,15,19.0
75,Guy,Dancin',4.13333333333,R&B,1999-12-18,2000-01-01,46.0,29.0,19.0,22.0,36.0,44.0,58.0,58.0,68.0,75.0,94.0,,,,,,,,,,,,,,,,,,,,,,,,,,,,,,,,,,,,,,,,,,,,,,,,,,,,,,,11,19.0
76,Lil Bow Wow,Bounce With Me,3.36666666667,Rap,2000-08-19,2000-09-16,48.0,35.0,24.0,24.0,20.0,20.0,20.0,20.0,22.0,27.0,27.0,36.0,40.0,53.0,61.0,69.0,80.0,90.0,99.0,,,100.0,,,,,,,,,,,,,,,,,,,,,,,,,,,,,,,,,,,,,,,,,,,,20,20.0
77,Westlife,Swear It Again,4.11666666667,Rock,2000-04-01,2000-07-01,96.0,82.0,66.0,55.0,55.0,46.0,44.0,44.0,37.0,35.0,32.0,25.0,21.0,20.0,20.0,25.0,30.0,33.0,45.0,56.0,,,,,,,,,,,,,,,,,,,,,,,,,,,,,,,,,,,,,,,,,,,,,,20,20.0
78,Train,Meet Virginia,3.91666666667,Rock,1999-10-09,2000-01-22,76.0,67.0,59.0,54.0,48.0,45.0,40.0,32.0,26.0,24.0,22.0,21.0,21.0,24.0,21.0,20.0,21.0,24.0,28.0,30.0,32.0,37.0,37.0,42.0,46.0,50.0,50.0,,,,,,,,,,,,,,,,,,,,,,,,,,,,,,,,,,,,,,,27,20.0
79,"Thomas, Carl",I Wish,3.83333333333,Rock,2000-03-25,2000-05-13,75.0,64.0,48.0,39.0,32.0,28.0,24.0,20.0,22.0,21.0,22.0,26.0,23.0,24.0,27.0,28.0,42.0,44.0,52.0,67.0,,,,,,,,,,,,,,,,,,,,,,,,,,,,,,,,,,,,,,,,,,,,,,20,20.0
80,Hanson,This Time Around,4.23333333333,Country,2000-04-22,2000-05-06,22.0,22.0,20.0,45.0,87.0,71.0,95.0,,,,,,,,,,,,,,,,,,,,,,,,,,,,,,,,,,,,,,,,,,,,,,,,,,,,,,,,,,,7,20.0
81,"Simpson, Jessica",I Think I'm In Love With You,3.53333333333,Pop,2000-07-01,2000-08-12,63.0,52.0,44.0,29.0,25.0,23.0,21.0,21.0,21.0,27.0,38.0,38.0,57.0,74.0,89.0,96.0,,,,,,,,,,,,,,,,,,,,,,,,,,,,,,,,,,,,,,,,,,,,,,,,,,16,21.0
82,Ludacris,What's Your Fantasy,4.26666666667,Rap,2000-09-30,2000-12-16,89.0,83.0,63.0,55.0,49.0,40.0,33.0,32.0,30.0,25.0,22.0,21.0,24.0,24.0,24.0,27.0,25.0,34.0,32.0,35.0,41.0,47.0,,,,,,,,,,,,,,,,,,,,,,,,,,,,,,,,,,,,,,,,,,,,22,21.0
83,Lil' Zane,Callin' Me,3.71666666667,Rap,2000-07-29,2000-09-02,83.0,89.0,57.0,40.0,34.0,21.0,33.0,46.0,45.0,59.0,67.0,84.0,95.0,,,,,,,,,,,,,,,,,,,,,,,,,,,,,,,,,,,,,,,,,,,,,,,,,,,,,13,21.0
84,M2M,Don't Say You Love Me,3.68333333333,Pop,1999-11-20,2000-01-08,72.0,53.0,62.0,46.0,54.0,44.0,44.0,21.0,64.0,92.0,98.0,98.0,,,,,,,,,,,,,,,,,,,,,,,,,,,,,,,,,,,,,,,,,,,,,,,,,,,,,,12,21.0
85,SoulDecision,Faded,3.41666666667,Rock,2000-07-08,2000-09-09,94.0,90.0,81.0,64.0,56.0,43.0,35.0,27.0,25.0,22.0,22.0,27.0,27.0,27.0,31.0,31.0,30.0,34.0,31.0,34.0,34.0,38.0,45.0,50.0,,,,,,,,,,,,,,,,,,,,,,,,,,,,,,,,,,,,,,,,,,24,22.0
86,"Brock, Chad",Yes!,3.36666666667,Country,2000-04-08,2000-07-01,90.0,77.0,66.0,61.0,59.0,47.0,39.0,33.0,32.0,31.0,28.0,27.0,22.0,27.0,31.0,39.0,45.0,50.0,53.0,59.0,,,,,,,,,,,,,,,,,,,,,,,,,,,,,,,,,,,,,,,,,,,,,,20,22.0
87,"Martin, Ricky",Shake Your Bon-Bon,3.13333333333,Latin,1999-11-20,2000-02-12,74.0,66.0,52.0,39.0,39.0,39.0,39.0,46.0,47.0,54.0,91.0,28.0,22.0,33.0,46.0,70.0,87.0,93.0,,,,,,,,,,,,,,,,,,,,,,,,,,,,,,,,,,,,,,,,,,,,,,,,18,22.0
88,Vertical Horizon,You're A God,3.75,Rock,2000-08-26,2000-11-04,64.0,55.0,43.0,41.0,37.0,31.0,30.0,29.0,28.0,26.0,23.0,23.0,25.0,32.0,32.0,37.0,37.0,41.0,46.0,48.0,49.0,,,,,,,,,,,,,,,,,,,,,,,,,,,,,,,,,,,,,,,,,,,,,21,23.0
89,Avant,Separated,4.21666666667,Rock,2000-04-29,2000-05-20,62.0,32.0,30.0,23.0,26.0,30.0,35.0,32.0,32.0,25.0,23.0,28.0,27.0,29.0,27.0,31.0,31.0,33.0,40.0,51.0,,,,,,,,,,,,,,,,,,,,,,,,,,,,,,,,,,,,,,,,,,,,,,20,23.0
90,"Rimes, LeAnn",Big Deal,3.05,Country,1999-10-16,2000-01-01,71.0,52.0,51.0,51.0,51.0,48.0,41.0,37.0,29.0,26.0,26.0,23.0,30.0,28.0,27.0,25.0,31.0,43.0,56.0,70.0,,,,,,,,,,,,,,,,,,,,,,,,,,,,,,,,,,,,,,,,,,,,,,20,23.0
91,IMx,Stay The Night,3.61666666667,Rap,1999-10-09,2000-01-08,84.0,61.0,45.0,43.0,40.0,38.0,36.0,31.0,34.0,34.0,40.0,36.0,36.0,23.0,41.0,62.0,70.0,71.0,79.0,78.0,,,,,,,,,,,,,,,,,,,,,,,,,,,,,,,,,,,,,,,,,,,,,,20,23.0
92,Dr. Dre,The Next Episode,2.63333333333,Rap,2000-05-27,2000-07-29,78.0,67.0,58.0,53.0,46.0,41.0,32.0,27.0,26.0,23.0,26.0,27.0,32.0,32.0,44.0,46.0,47.0,50.0,52.0,58.0,,,,,,,,,,,,,,,,,,,,,,,,,,,,,,,,,,,,,,,,,,,,,,20,23.0
93,"Spears, Britney",Lucky,3.38333333333,Rock,2000-08-12,2000-09-09,61.0,41.0,28.0,26.0,23.0,29.0,30.0,40.0,66.0,86.0,100.0,,,,,,,,,,,,,,,,,,,,,,,,,,,,,,,,,,,,,,,,,,,,,,,,,,,,,,,11,23.0
94,Savage Garden,Crash And Burn,4.68333333333,Rock,2000-04-08,2000-05-27,75.0,58.0,51.0,36.0,33.0,31.0,26.0,24.0,24.0,29.0,34.0,39.0,46.0,47.0,48.0,49.0,58.0,63.0,73.0,87.0,,,,,,,,,,,,,,,,,,,,,,,,,,,,,,,,,,,,,,,,,,,,,,20,24.0
95,Kandi,Don't Think I'm Not,3.83333333333,Rock,2000-08-05,2000-10-07,66.0,66.0,66.0,61.0,49.0,42.0,36.0,33.0,28.0,24.0,26.0,26.0,28.0,29.0,27.0,31.0,31.0,26.0,25.0,25.0,30.0,40.0,36.0,41.0,,,,,,,,,,,,,,,,,,,,,,,,,,,,,,,,,,,,,,,,,,24,24.0
96,Sammie,I Like It,4.15,Rock,2000-01-29,2000-04-15,85.0,68.0,58.0,44.0,40.0,33.0,30.0,29.0,37.0,29.0,29.0,24.0,36.0,46.0,52.0,61.0,83.0,93.0,91.0,89.0,,,,,,,,,,,,,,,,,,,,,,,,,,,,,,,,,,,,,,,,,,,,,,20,24.0
97,Goo Goo Dolls,Broadway,3.9,Rock,2000-04-22,2000-07-01,74.0,58.0,53.0,42.0,35.0,31.0,29.0,25.0,29.0,26.0,24.0,33.0,46.0,48.0,57.0,62.0,74.0,82.0,85.0,87.0,,,,,,,,,,,,,,,,,,,,,,,,,,,,,,,,,,,,,,,,,,,,,,20,24.0
98,"Moore, Mandy",I Wanna Be With You,4.2,Pop,2000-06-17,2000-08-12,69.0,63.0,54.0,50.0,45.0,42.0,31.0,28.0,24.0,34.0,42.0,53.0,65.0,66.0,77.0,94.0,99.0,,,,,93.0,91.0,91.0,90.0,89.0,86.0,,,,,,,,,,,,,,,,,,,,,,,,,,,,,,,,,,,,,,,23,24.0
99,Dr. Dre,Forgot About Dre,3.7,Rap,2000-01-22,2000-03-25,75.0,55.0,47.0,36.0,36.0,30.0,30.0,31.0,26.0,25.0,25.0,26.0,26.0,28.0,34.0,47.0,58.0,68.0,80.0,82.0,,,,,,,,,,,,,,,,,,,,,,,,,,,,,,,,,,,,,,,,,,,,,,20,25.0
100,D'Angelo,Untitled (How Does It Feel),7.16666666667,R&B,2000-01-22,2000-02-19,77.0,56.0,35.0,26.0,25.0,25.0,28.0,28.0,31.0,35.0,39.0,44.0,51.0,60.0,73.0,79.0,94.0,,,,,,,,,,,,,,,,,,,,,,,,,,,,,,,,,,,,,,,,,,,,,,,,,17,25.0
101,"Messina, Jo Dee",That's The Way,3.28333333333,Country,2000-06-24,2000-08-26,78.0,67.0,63.0,54.0,50.0,44.0,38.0,30.0,27.0,25.0,31.0,28.0,30.0,28.0,32.0,35.0,48.0,46.0,51.0,59.0,,,,,,,,,,,,,,,,,,,,,,,,,,,,,,,,,,,,,,,,,,,,,,20,25.0
102,Avant,My First Love,4.46666666667,Rock,2000-11-04,2000-12-16,70.0,62.0,56.0,43.0,39.0,33.0,26.0,26.0,26.0,31.0,32.0,31.0,38.0,38.0,52.0,57.0,64.0,73.0,81.0,79.0,,,,,,,,,,,,,,,,,,,,,,,,,,,,,,,,,,,,,,,,,,,,,,20,26.0
103,Son By Four,A Puro Dolor (Purest Of Pain),3.5,Latin,2000-04-08,2000-08-19,80.0,80.0,80.0,79.0,72.0,73.0,65.0,64.0,60.0,60.0,48.0,48.0,48.0,43.0,35.0,32.0,30.0,32.0,37.0,26.0,31.0,28.0,30.0,32.0,39.0,35.0,,,,,,,,,,,,,,,,,,,,,,,,,,,,,,,,,,,,,,,,26,26.0
104,Da Brat,What'Chu Like,3.95,Rap,2000-06-03,2000-08-12,71.0,65.0,54.0,54.0,51.0,41.0,41.0,33.0,28.0,31.0,26.0,28.0,36.0,39.0,49.0,58.0,62.0,65.0,68.0,68.0,,,,,,,,,,,,,,,,,,,,,,,,,,,,,,,,,,,,,,,,,,,,,,20,26.0
105,DMX,Party Up (Up In Here),3.75,Rap,2000-02-26,2000-04-22,88.0,74.0,62.0,56.0,49.0,44.0,38.0,32.0,27.0,27.0,27.0,27.0,27.0,28.0,28.0,33.0,35.0,42.0,44.0,46.0,43.0,,,,,,,,,,,,,,,,,,,,,,,,,,,,,,,,,,,,,,,,,,,,,21,27.0
106,"Dixie Chicks, The",Cowboy Take Me Away,4.85,Country,1999-11-27,2000-01-29,79.0,72.0,70.0,61.0,52.0,52.0,52.0,39.0,31.0,27.0,27.0,27.0,31.0,37.0,40.0,47.0,51.0,56.0,59.0,59.0,,,,,,,,,,,,,,,,,,,,,,,,,,,,,,,,,,,,,,,,,,,,,,20,27.0
107,"McGraw, Tim",My Next Thirty Years,3.61666666667,Country,2000-10-21,2000-12-16,73.0,62.0,56.0,52.0,46.0,40.0,36.0,31.0,27.0,27.0,28.0,40.0,33.0,33.0,39.0,40.0,48.0,53.0,58.0,62.0,,,,,,,,,,,,,,,,,,,,,,,,,,,,,,,,,,,,,,,,,,,,,,20,27.0
108,"Tritt, Travis",Best Of Intentions,4.25,Country,2000-08-19,2000-12-02,97.0,86.0,79.0,70.0,63.0,56.0,50.0,48.0,51.0,38.0,33.0,31.0,28.0,28.0,28.0,27.0,29.0,31.0,37.0,45.0,49.0,48.0,,,,,,,,,,,,,,,,,,,,,,,,,,,,,,,,,,,,,,,,,,,,22,27.0
109,Alice Deejay,Better Off Alone,6.83333333333,Electronica,2000-04-08,2000-06-03,79.0,65.0,53.0,48.0,45.0,36.0,34.0,29.0,27.0,30.0,36.0,37.0,39.0,49.0,57.0,63.0,65.0,68.0,79.0,86.0,,,,,,,,,,,,,,,,,,,,,,,,,,,,,,,,,,,,,,,,,,,,,,20,27.0
110,Hoku,Another Dumb Blonde,3.78333333333,Pop,2000-02-19,2000-04-08,69.0,49.0,49.0,34.0,34.0,34.0,30.0,27.0,36.0,41.0,53.0,56.0,80.0,100.0,,,,,,,,,,,,,,,,,,,,,,,,,,,,,,,,,,,,,,,,,,,,,,,,,,,,14,27.0
111,"Houston, Whitney",I Learned From The Best,4.3,Rock,2000-02-19,2000-03-25,83.0,83.0,83.0,40.0,28.0,27.0,28.0,36.0,53.0,73.0,82.0,,,,,,,,,,,,,,,,,,,,,,,,,,,,,,,,,,,,,,,,,,,,,,,,,,,,,,,11,27.0
112,Counting Crows,Hanginaround,4.11666666667,Rock,1999-11-06,2000-01-29,84.0,70.0,66.0,60.0,46.0,37.0,35.0,35.0,35.0,32.0,29.0,29.0,28.0,32.0,38.0,48.0,56.0,59.0,61.0,66.0,,,,,,,,,,,,,,,,,,,,,,,,,,,,,,,,,,,,,,,,,,,,,,20,28.0
113,Mary Mary,Shackles (Praise You),3.2,Rock,2000-03-25,2000-05-13,90.0,76.0,72.0,54.0,43.0,37.0,34.0,28.0,33.0,30.0,31.0,39.0,43.0,53.0,60.0,70.0,71.0,76.0,84.0,94.0,,,,,,,,,,,,,,,,,,,,,,,,,,,,,,,,,,,,,,,,,,,,,,20,28.0
114,"Carey, Mariah",Crybaby,5.31666666667,Rock,2000-06-24,2000-06-24,28.0,34.0,48.0,62.0,77.0,90.0,95.0,,,,,,,,,,,,,,,,,,,,,,,,,,,,,,,,,,,,,,,,,,,,,,,,,,,,,,,,,,,7,28.0
115,"McGraw, Tim",My Best Friend,4.55,Country,1999-11-27,2000-01-29,85.0,76.0,71.0,64.0,54.0,54.0,55.0,46.0,38.0,29.0,29.0,33.0,32.0,31.0,36.0,38.0,39.0,41.0,46.0,49.0,48.0,,,,,,,,,,,,,,,,,,,,,,,,,,,,,,,,,,,,,,,,,,,,,21,29.0
116,Sugar Ray,Falls Apart,4.25,Rock,2000-01-15,2000-02-19,70.0,64.0,54.0,40.0,34.0,29.0,29.0,32.0,32.0,37.0,47.0,49.0,52.0,60.0,76.0,80.0,89.0,97.0,98.0,100.0,,,,,,,,,,,,,,,,,,,,,,,,,,,,,,,,,,,,,,,,,,,,,,20,29.0
117,Madonna,American Pie,4.5,Rock,2000-02-19,2000-03-04,43.0,35.0,29.0,29.0,33.0,32.0,40.0,58.0,88.0,,,,,,,,,,,,,,,,,,,,,,,,,,,,,,,,,,,,,,,,,,,,,,,,,,,,,,,,,9,29.0
118,"Jones, Donell",Where I Wanna Be,6.36666666667,Rock,2000-04-22,2000-07-08,81.0,71.0,65.0,50.0,41.0,41.0,36.0,41.0,38.0,35.0,33.0,29.0,36.0,34.0,34.0,40.0,42.0,49.0,55.0,62.0,,,,,,,,,,,,,,,,,,,,,,,,,,,,,,,,,,,,,,,,,,,,,,20,29.0
119,"Paisley, Brad",We Danced,3.75,Country,2000-10-14,2000-12-16,71.0,68.0,52.0,52.0,45.0,42.0,39.0,34.0,34.0,29.0,36.0,42.0,55.0,53.0,57.0,64.0,72.0,84.0,83.0,86.0,,,,,,,,,,,,,,,,,,,,,,,,,,,,,,,,,,,,,,,,,,,,,,20,29.0
120,Lonestar,What About Now,3.5,Country,2000-06-10,2000-08-19,78.0,72.0,66.0,64.0,56.0,50.0,47.0,39.0,37.0,34.0,30.0,30.0,35.0,36.0,37.0,43.0,54.0,60.0,61.0,69.0,,,,,,,,,,,,,,,,,,,,,,,,,,,,,,,,,,,,,,,,,,,,,,20,30.0
121,"Backstreet Boys, The",The One,3.76666666667,Rock,2000-05-27,2000-07-01,58.0,50.0,43.0,37.0,31.0,30.0,39.0,47.0,55.0,61.0,76.0,90.0,93.0,93.0,100.0,,,,,,,,,,,,,,,,,,,,,,,,,,,,,,,,,,,,,,,,,,,,,,,,,,,15,30.0
122,"Keith, Toby",How Do You Like Me Now?!,3.48333333333,Country,2000-01-29,2000-04-08,77.0,72.0,59.0,53.0,45.0,43.0,41.0,36.0,36.0,32.0,31.0,31.0,35.0,35.0,38.0,43.0,45.0,51.0,52.0,54.0,,,,,,,,,,,,,,,,,,,,,,,,,,,,,,,,,,,,,,,,,,,,,,20,31.0
123,"Strait, George",The Best Day,3.4,Country,2000-01-29,2000-04-22,73.0,64.0,54.0,45.0,44.0,44.0,44.0,41.0,39.0,34.0,33.0,33.0,31.0,33.0,36.0,39.0,43.0,49.0,53.0,62.0,,,,,,,,,,,,,,,,,,,,,,,,,,,,,,,,,,,,,,,,,,,,,,20,31.0
124,"Dixie Chicks, The",Without You,3.53333333333,Country,2000-10-07,2000-12-23,80.0,70.0,63.0,56.0,50.0,49.0,48.0,46.0,41.0,40.0,35.0,31.0,33.0,44.0,36.0,35.0,37.0,43.0,51.0,54.0,,,,,,,,,,,,,,,,,,,,,,,,,,,,,,,,,,,,,,,,,,,,,,20,31.0
125,Musiq,Just Friends (Sunny),4.03333333333,Rap,2000-10-14,2000-12-30,89.0,83.0,65.0,55.0,54.0,54.0,52.0,44.0,41.0,34.0,32.0,31.0,35.0,34.0,41.0,41.0,48.0,54.0,58.0,68.0,,,,,,,,,,,,,,,,,,,,,,,,,,,,,,,,,,,,,,,,,,,,,,20,31.0
126,"McEntire, Reba",What Do You Say,3.43333333333,Country,1999-10-30,2000-01-29,88.0,76.0,71.0,71.0,69.0,63.0,56.0,51.0,46.0,46.0,53.0,43.0,33.0,31.0,34.0,41.0,50.0,60.0,68.0,71.0,,,,,,,,,,,,,,,,,,,,,,,,,,,,,,,,,,,,,,,,,,,,,,20,31.0
127,"Braxton, Toni",Just Be A Man About It,4.16666666667,Rock,2000-07-29,2000-09-02,76.0,69.0,51.0,42.0,37.0,32.0,32.0,34.0,34.0,38.0,50.0,53.0,53.0,63.0,65.0,72.0,79.0,84.0,89.0,90.0,,,,,,,,,,,,,,,,,,,,,,,,,,,,,,,,,,,,,,,,,,,,,,20,32.0
128,"Iglesias, Enrique",Rhythm Divine,7.58333333333,Latin,1999-12-04,2000-01-22,90.0,84.0,79.0,67.0,67.0,39.0,33.0,32.0,38.0,38.0,49.0,51.0,61.0,61.0,66.0,88.0,96.0,,,,,,,,,,,,,,,,,,,,,,,,,,,,,,,,,,,,,,,,,,,,,,,,,17,32.0
129,"Fabian, Lara",I Will Love Again,3.71666666667,Pop,2000-06-10,2000-08-12,91.0,80.0,75.0,61.0,60.0,52.0,45.0,40.0,36.0,32.0,37.0,45.0,68.0,80.0,80.0,89.0,96.0,,,,,,,,,,,,,,,,,,,,,,,,,,,,,,,,,,,,,,,,,,,,,,,,,17,32.0
130,Bon Jovi,It's My Life,3.73333333333,Rock,2000-08-12,2000-09-30,64.0,58.0,51.0,51.0,48.0,45.0,36.0,33.0,34.0,34.0,35.0,34.0,39.0,44.0,51.0,58.0,61.0,84.0,85.0,87.0,,,,,,,,,,,,,,,,,,,,,,,,,,,,,,,,,,,,,,,,,,,,,,20,33.0
131,"Evans, Sara",Born To Fly,5.6,Country,2000-10-21,2000-12-30,77.0,71.0,64.0,57.0,55.0,51.0,46.0,44.0,36.0,39.0,34.0,46.0,44.0,36.0,42.0,53.0,58.0,74.0,81.0,86.0,,,,,,,,,,,,,,,,,,,,,,,,,,,,,,,,,,,,,,,,,,,,,,20,34.0
132,"Chesney, Kenny",I Lost It,3.9,Country,2000-10-21,2000-12-23,75.0,67.0,61.0,58.0,58.0,53.0,47.0,47.0,40.0,34.0,36.0,45.0,42.0,45.0,60.0,70.0,82.0,88.0,89.0,92.0,,,,,,,,,,,,,,,,,,,,,,,,,,,,,,,,,,,,,,,,,,,,,,20,34.0
133,J-Shin,One Night Stand,4.56666666667,R&B,1999-12-25,2000-02-26,96.0,96.0,69.0,74.0,72.0,62.0,49.0,45.0,38.0,34.0,38.0,45.0,47.0,58.0,68.0,88.0,99.0,,,,,,,,,,,,,,,,,,,,,,,,,,,,,,,,,,,,,,,,,,,,,,,,,17,34.0
134,Eve,Love Is Blind,3.85,Rap,2000-01-08,2000-02-19,94.0,91.0,57.0,46.0,46.0,40.0,34.0,39.0,42.0,46.0,50.0,59.0,66.0,78.0,87.0,99.0,,,,,,,,,,,,,,,,,,,,,,,,,,,,,,,,,,,,,,,,,,,,,,,,,,16,34.0
135,Aaliyah,I Don't Wanna,4.25,Rock,2000-01-29,2000-03-04,84.0,62.0,51.0,41.0,38.0,35.0,35.0,38.0,38.0,36.0,37.0,37.0,38.0,49.0,61.0,63.0,62.0,67.0,83.0,86.0,,,,,,,,,,,,,,,,,,,,,,,,,,,,,,,,,,,,,,,,,,,,,,20,35.0
136,"Montgomery, John Michael",The Little Girl,3.86666666667,Country,2000-09-09,2000-10-28,81.0,67.0,64.0,56.0,45.0,41.0,41.0,35.0,35.0,38.0,37.0,42.0,45.0,50.0,57.0,63.0,62.0,83.0,74.0,74.0,,,,,,,,,,,,,,,,,,,,,,,,,,,,,,,,,,,,,,,,,,,,,,20,35.0
137,"Carter, Aaron",Aaron's Party (Come Get It),3.38333333333,R&B,2000-08-26,2000-09-16,99.0,75.0,57.0,35.0,35.0,37.0,43.0,79.0,51.0,55.0,67.0,83.0,86.0,92.0,100.0,,,,,,,,,,,,,,,,,,,,,,,,,,,,,,,,,,,,,,,,,,,,,,,,,,,15,35.0
138,"Vassar, Phil",Just Another Day In Paradise,3.9,Country,2000-09-30,2000-12-02,81.0,81.0,76.0,67.0,53.0,46.0,43.0,38.0,36.0,35.0,43.0,41.0,46.0,51.0,62.0,58.0,63.0,70.0,74.0,79.0,,,,,,,,,,,,,,,,,,,,,,,,,,,,,,,,,,,,,,,,,,,,,,20,35.0
139,Ice Cube,You Can Do It,4.33333333333,Rap,1999-12-04,2000-01-15,86.0,66.0,50.0,42.0,42.0,40.0,35.0,46.0,45.0,54.0,73.0,89.0,,,,,,,,,,,,,,,,,,,,,,,,,,,,,,,,,,,,,,,,,,,,,,,,,,,,,,12,35.0
140,"Wills, Mark",Back At One,4.0,Country,2000-01-15,2000-02-26,89.0,55.0,51.0,43.0,37.0,37.0,36.0,39.0,42.0,46.0,45.0,52.0,64.0,74.0,84.0,90.0,94.0,99.0,,,,,,,,,,,,,,,,,,,,,,,,,,,,,,,,,,,,,,,,,,,,,,,,18,36.0
141,Lucy Pearl,Dance Tonight,3.75,R&B,2000-05-20,2000-07-29,80.0,75.0,63.0,59.0,55.0,49.0,42.0,42.0,40.0,40.0,36.0,43.0,46.0,54.0,72.0,84.0,84.0,86.0,92.0,,,,,,,,,,,,,,,,,,,,,,,,,,,,,,,,,,,,,,,,,,,,,,,19,36.0
142,"Jackson, Alan",It Must Be Love,2.88333333333,Country,2000-06-24,2000-09-02,76.0,74.0,68.0,63.0,57.0,49.0,44.0,39.0,39.0,38.0,37.0,37.0,40.0,47.0,62.0,64.0,75.0,80.0,84.0,89.0,,,,,,,,,,,,,,,,,,,,,,,,,,,,,,,,,,,,,,,,,,,,,,20,37.0
143,"Griggs, Andy",She's More,3.31666666667,Country,2000-03-11,2000-06-10,81.0,76.0,69.0,67.0,62.0,55.0,52.0,51.0,51.0,48.0,47.0,43.0,42.0,37.0,41.0,50.0,69.0,73.0,77.0,85.0,,,,,,,,,,,,,,,,,,,,,,,,,,,,,,,,,,,,,,,,,,,,,,20,37.0
144,No Doubt,Simple Kind Of Life,4.18333333333,Rock,2000-07-01,2000-07-22,50.0,40.0,39.0,38.0,38.0,48.0,52.0,55.0,80.0,85.0,88.0,100.0,98.0,,,,,,,,,,,,,,,,,,,,,,,,,,,,,,,,,,,,,,,,,,,,,,,,,,,,,13,38.0
145,"Jean, Wyclef",911,4.0,Rap,2000-10-07,2000-11-25,77.0,74.0,64.0,61.0,53.0,48.0,43.0,38.0,42.0,38.0,44.0,49.0,53.0,61.0,66.0,68.0,80.0,85.0,96.0,,,,,,,,,,,,,,,,,,,,,,,,,,,,,,,,,,,,,,,,,,,,,,,19,38.0
146,Rascal Flatts,Prayin' For Daylight,3.6,Country,2000-05-06,2000-08-12,87.0,78.0,72.0,68.0,66.0,64.0,58.0,58.0,56.0,54.0,49.0,46.0,46.0,41.0,38.0,38.0,47.0,65.0,72.0,77.0,,,,,,,,,,,,,,,,,,,,,,,,,,,,,,,,,,,,,,,,,,,,,,20,38.0
147,Vitamin C,Graduation (Friends Forever),4.38333333333,Rock,2000-04-15,2000-06-10,81.0,64.0,54.0,54.0,46.0,40.0,40.0,40.0,38.0,42.0,57.0,87.0,,,,,,,,,,,,,,,,,,,,,,,,,,,,,,,,,,,,,,,,,,,,,,,,,,,,,,12,38.0
148,"Gilman, Billy",One Voice,4.11666666667,Country,2000-06-17,2000-09-02,86.0,86.0,82.0,72.0,65.0,56.0,56.0,55.0,44.0,44.0,43.0,38.0,40.0,44.0,61.0,77.0,85.0,95.0,97.0,,,,,,,,,,,,,,,,,,,,,,,,,,,,,,,,,,,,,,,,,,,,,,,19,38.0
149,Lonestar,Smile,3.55,Country,1999-12-18,2000-02-12,89.0,80.0,80.0,80.0,65.0,47.0,44.0,42.0,39.0,39.0,43.0,41.0,43.0,45.0,50.0,58.0,67.0,78.0,85.0,91.0,,,,,,,,,,,,,,,,,,,,,,,,,,,,,,,,,,,,,,,,,,,,,,20,39.0
150,"Rogers, Kenny",Buy Me A Rose,3.76666666667,Country,2000-03-11,2000-05-06,79.0,72.0,65.0,65.0,54.0,46.0,46.0,43.0,40.0,40.0,46.0,54.0,58.0,66.0,73.0,82.0,86.0,84.0,88.0,91.0,,,,,,,,,,,,,,,,,,,,,,,,,,,,,,,,,,,,,,,,,,,,,,20,40.0
151,"Lawrence, Tracy",Lessons Learned,2.91666666667,Country,2000-01-29,2000-04-08,80.0,73.0,61.0,61.0,48.0,48.0,48.0,48.0,44.0,42.0,40.0,40.0,50.0,66.0,81.0,93.0,94.0,99.0,99.0,100.0,,,,,,,,,,,,,,,,,,,,,,,,,,,,,,,,,,,,,,,,,,,,,,20,40.0
152,"Strait, George",Go On,3.8,Country,2000-08-26,2000-10-28,71.0,67.0,63.0,56.0,53.0,48.0,46.0,46.0,44.0,40.0,44.0,46.0,49.0,56.0,56.0,71.0,78.0,88.0,95.0,,97.0,,,,,,,,,,,,,,,,,,,,,,,,,,,,,,,,,,,,,,,,,,,,,20,40.0
153,Sisqo,Got To Get It,3.86666666667,Rock,1999-11-20,2000-01-22,92.0,76.0,73.0,58.0,48.0,48.0,48.0,48.0,49.0,40.0,43.0,51.0,50.0,57.0,63.0,64.0,68.0,82.0,88.0,95.0,,,,,,,,,,,,,,,,,,,,,,,,,,,,,,,,,,,,,,,,,,,,,,20,40.0
154,Baha Men,Who Let The Dogs Out,3.28333333333,R&B,2000-07-22,2000-10-21,99.0,92.0,85.0,76.0,65.0,54.0,61.0,58.0,54.0,54.0,53.0,53.0,43.0,40.0,44.0,41.0,51.0,65.0,78.0,84.0,,,,,,,,,,,,,,,,,,,,,,,,,,,,,,,,,,,,,,,,,,,,,,20,40.0
155,"Walker, Clay",The Chain Of Love,5.05,Country,2000-04-15,2000-06-10,73.0,65.0,57.0,57.0,51.0,48.0,44.0,43.0,40.0,45.0,44.0,53.0,57.0,68.0,71.0,81.0,90.0,94.0,94.0,95.0,,,,,,,,,,,,,,,,,,,,,,,,,,,,,,,,,,,,,,,,,,,,,,20,40.0
156,"McBride, Martina",Love's The Only House,5.21666666667,Country,2000-02-05,2000-04-15,79.0,69.0,65.0,58.0,53.0,52.0,52.0,48.0,45.0,43.0,42.0,42.0,50.0,60.0,64.0,75.0,91.0,93.0,92.0,90.0,,,,,,,,,,,,,,,,,,,,,,,,,,,,,,,,,,,,,,,,,,,,,,20,42.0
157,Amber,Sexual (Li Da Di),4.63333333333,Rock,1999-07-17,2000-02-12,99.0,99.0,96.0,96.0,100.0,93.0,93.0,96.0,,,99.0,,96.0,96.0,99.0,98.0,98.0,,95.0,88.0,88.0,79.0,76.0,69.0,69.0,59.0,58.0,58.0,49.0,44.0,42.0,46.0,50.0,,,,,,,,,,,,,,,,,,,,,,,,,,,,,,,,,29,42.0
158,"Tippin, Aaron",Kiss This,2.88333333333,Country,2000-08-26,2000-10-21,74.0,72.0,66.0,53.0,52.0,47.0,47.0,45.0,42.0,46.0,51.0,60.0,68.0,69.0,78.0,94.0,87.0,92.0,97.0,99.0,,,,,,,,,,,,,,,,,,,,,,,,,,,,,,,,,,,,,,,,,,,,,,20,42.0
159,SheDaisy,I Will.. But,3.66666666667,Country,2000-07-15,2000-09-16,78.0,74.0,70.0,61.0,59.0,52.0,48.0,47.0,45.0,43.0,44.0,43.0,52.0,56.0,70.0,80.0,86.0,81.0,85.0,87.0,,,,,,,,,,,,,,,,,,,,,,,,,,,,,,,,,,,,,,,,,,,,,,20,43.0
160,"Raye, Collin",Couldn't Last A Moment,3.66666666667,Country,2000-03-18,2000-06-24,91.0,85.0,75.0,73.0,67.0,63.0,63.0,63.0,56.0,49.0,48.0,46.0,44.0,44.0,43.0,45.0,53.0,66.0,73.0,89.0,,,,,,,,,,,,,,,,,,,,,,,,,,,,,,,,,,,,,,,,,,,,,,20,43.0
161,Black Rob,Whoa!,4.06666666667,Rap,2000-03-04,2000-04-15,78.0,59.0,53.0,52.0,47.0,46.0,43.0,47.0,47.0,58.0,54.0,57.0,70.0,85.0,84.0,93.0,97.0,,,,,,,,,,,,,,,,,,,,,,,,,,,,,,,,,,,,,,,,,,,,,,,,,17,43.0
162,"Jackson, Alan",Pop A Top,3.06666666667,Country,1999-11-13,2000-01-22,79.0,73.0,70.0,64.0,63.0,57.0,55.0,55.0,63.0,52.0,43.0,47.0,55.0,78.0,95.0,100.0,,100.0,,,,,,,,,,,,,,,,,,,,,,,,,,,,,,,,,,,,,,,,,,,,,,,,17,43.0
163,"Black, Clint",Been There,5.46666666667,Country,2000-02-19,2000-04-15,87.0,73.0,62.0,58.0,58.0,57.0,51.0,47.0,44.0,44.0,44.0,55.0,53.0,53.0,63.0,84.0,85.0,87.0,95.0,100.0,,,,,,,,,,,,,,,,,,,,,,,,,,,,,,,,,,,,,,,,,,,,,,20,44.0
164,Common,The Light,3.91666666667,Rap,2000-08-05,2000-09-09,75.0,55.0,53.0,49.0,46.0,44.0,49.0,51.0,51.0,56.0,52.0,56.0,70.0,82.0,86.0,89.0,93.0,93.0,99.0,,,,,,,,,,,,,,,,,,,,,,,,,,,,,,,,,,,,,,,,,,,,,,,19,44.0
165,"Vassar, Phil",Carlene,4.11666666667,Country,2000-03-04,2000-04-22,75.0,67.0,64.0,64.0,57.0,53.0,47.0,45.0,45.0,50.0,52.0,56.0,59.0,78.0,83.0,84.0,91.0,96.0,93.0,,,,,,,,,,,,,,,,,,,,,,,,,,,,,,,,,,,,,,,,,,,,,,,19,45.0
166,"Jackson, Alan",www.memory,2.6,Country,2000-11-04,2000-12-23,75.0,59.0,59.0,54.0,50.0,49.0,47.0,45.0,49.0,69.0,63.0,67.0,77.0,89.0,99.0,,,,,,,,,,,,,,,,,,,,,,,,,,,,,,,,,,,,,,,,,,,,,,,,,,,15,45.0
167,Vitamin C,The Itch,3.5,Rock,2000-12-02,2000-12-16,86.0,48.0,45.0,52.0,57.0,58.0,76.0,95.0,100.0,,,,,,,,,,,,,,,,,,,,,,,,,,,,,,,,,,,,,,,,,,,,,,,,,,,,,,,,,9,45.0
168,"Eastsidaz, The",G'D Up,4.45,Rap,2000-01-08,2000-02-12,77.0,77.0,89.0,64.0,57.0,47.0,47.0,55.0,65.0,69.0,83.0,82.0,90.0,94.0,,,,,,,,,,,,,,,,,,,,,,,,,,,,,,,,,,,,,,,,,,,,,,,,,,,,14,47.0
169,Ideal,Whatever,3.8,R&B,2000-06-10,2000-08-19,75.0,75.0,67.0,73.0,64.0,56.0,54.0,54.0,54.0,48.0,47.0,50.0,60.0,68.0,73.0,81.0,92.0,90.0,,,,,,,,,,,,,,,,,,,,,,,,,,,,,,,,,,,,,,,,,,,,,,,,18,47.0
170,"Thomas, Carl",Emotional,4.51666666667,Rock,2000-11-25,2000-12-30,77.0,63.0,61.0,58.0,54.0,47.0,53.0,52.0,49.0,52.0,60.0,62.0,69.0,69.0,63.0,76.0,87.0,82.0,91.0,99.0,,,,,,,,,,,,,,,,,,,,,,,,,,,,,,,,,,,,,,,,,,,,,,20,47.0
171,Ginuwine,None Of Ur Friends Business,4.2,Rock,1999-12-11,2000-01-22,94.0,84.0,71.0,71.0,60.0,63.0,48.0,48.0,48.0,55.0,64.0,71.0,85.0,85.0,92.0,,,,,,,,,,,,,,,,,,,,,,,,,,,,,,,,,,,,,,,,,,,,,,,,,,,15,48.0
172,"Davidson, Clay",Unconditional,3.93333333333,Country,2000-03-25,2000-06-17,97.0,97.0,97.0,90.0,83.0,78.0,74.0,69.0,60.0,56.0,54.0,50.0,49.0,55.0,52.0,51.0,51.0,62.0,63.0,83.0,,,,,,,,,,,,,,,,,,,,,,,,,,,,,,,,,,,,,,,,,,,,,,20,49.0
173,DMX,What You Want,4.08333333333,Rap,2000-07-01,2000-09-23,98.0,95.0,95.0,87.0,86.0,79.0,62.0,60.0,58.0,57.0,52.0,55.0,49.0,57.0,62.0,65.0,87.0,89.0,99.0,100.0,,,,,,,,,,,,,,,,,,,,,,,,,,,,,,,,,,,,,,,,,,,,,,20,49.0
174,"John, Elton",Someday Out Of The Blue,4.68333333333,Rock,2000-04-22,2000-05-06,56.0,56.0,49.0,59.0,67.0,60.0,64.0,73.0,81.0,90.0,93.0,89.0,98.0,94.0,99.0,,,,,,,,,,,,,,,,,,,,,,,,,,,,,,,,,,,,,,,,,,,,,,,,,,,15,49.0
175,Pearl Jam,Nothing As It Seems,5.33333333333,Rock,2000-05-13,2000-05-13,49.0,70.0,84.0,89.0,93.0,91.0,,,,,,,,,,,,,,,,,,,,,,,,,,,,,,,,,,,,,,,,,,,,,,,,,,,,,,,,,,,,6,49.0
176,Mya,The Best Of Me,4.2,Rock,2000-04-15,2000-05-20,85.0,70.0,65.0,62.0,55.0,50.0,50.0,56.0,61.0,61.0,72.0,84.0,81.0,86.0,86.0,94.0,97.0,,,,,,,,,,,,,,,,,,,,,,,,,,,,,,,,,,,,,,,,,,,,,,,,,17,50.0
177,"Heatherly, Eric",Flowers On The Wall,3.26666666667,Country,2000-04-29,2000-08-12,95.0,88.0,88.0,82.0,82.0,77.0,72.0,67.0,65.0,65.0,65.0,60.0,60.0,53.0,51.0,50.0,57.0,77.0,83.0,89.0,,,,,,,,,,,,,,,,,,,,,,,,,,,,,,,,,,,,,,,,,,,,,,20,50.0
178,Eminem,Stan,5.43333333333,Rap,2000-11-04,2000-12-02,78.0,67.0,57.0,57.0,51.0,51.0,51.0,57.0,55.0,70.0,69.0,77.0,88.0,93.0,100.0,,,,,,,,,,,,,,,,,,,,,,,,,,,,,,,,,,,,,,,,,,,,,,,,,,,15,51.0
179,"McEntire, Reba",I'll Be,4.38333333333,Country,2000-05-13,2000-07-29,89.0,79.0,79.0,72.0,69.0,64.0,61.0,57.0,55.0,55.0,52.0,51.0,53.0,60.0,81.0,84.0,93.0,91.0,94.0,100.0,,,,,,,,,,,,,,,,,,,,,,,,,,,,,,,,,,,,,,,,,,,,,,20,51.0
180,"Lopez, Jennifer",Feelin' Good,4.46666666667,Latin,2000-02-19,2000-04-08,79.0,79.0,66.0,54.0,54.0,54.0,54.0,51.0,61.0,79.0,96.0,,,64.0,74.0,73.0,79.0,82.0,96.0,,,,,,,,,,,,,,,,,,,,,,,,,,,,,,,,,,,,,,,,,,,,,,,17,51.0
181,"Urban, Keith",Your Everything,4.16666666667,Country,2000-07-15,2000-09-16,81.0,80.0,73.0,73.0,67.0,64.0,60.0,59.0,53.0,51.0,55.0,66.0,84.0,90.0,96.0,100.0,,,,,,,,,,,,,,,,,,,,,,,,,,,,,,,,,,,,,,,,,,,,,,,,,,16,51.0
182,TLC,Dear Lie,4.6,Rock,2000-02-12,2000-03-04,63.0,55.0,52.0,51.0,56.0,74.0,92.0,,,,,,,,,,,,,,,,,,,,,,,,,,,,,,,,,,,,,,,,,,,,,,,,,,,,,,,,,,,7,51.0
183,"Gill, Vince",Feels Like Love,4.21666666667,Country,2000-09-02,2000-11-18,82.0,76.0,74.0,73.0,73.0,65.0,59.0,58.0,54.0,54.0,53.0,52.0,55.0,52.0,57.0,76.0,91.0,99.0,,91.0,89.0,,,,,,,,,,,,,,,,,,,,,,,,,,,,,,,,,,,,,,,,,,,,,20,52.0
184,"Houston, Whitney",Could I Have This Kiss Forever,3.9,Rock,2000-06-17,2000-08-05,74.0,68.0,68.0,67.0,59.0,59.0,60.0,52.0,54.0,56.0,59.0,70.0,69.0,81.0,87.0,95.0,98.0,100.0,,97.0,,,,,,,,,,,,,,,,,,,,,,,,,,,,,,,,,,,,,,,,,,,,,,19,52.0
185,Bloodhound Gang,The Bad Touch,4.33333333333,R&B,2000-03-18,2000-04-15,70.0,62.0,55.0,55.0,52.0,57.0,72.0,80.0,82.0,92.0,96.0,98.0,,,,,,,,,,,,,,,,,,,,,,,,,,,,,,,,,,,,,,,,,,,,,,,,,,,,,,12,52.0
186,"Williams, Robbie",Angels,3.93333333333,Rock,1999-11-20,2000-01-22,85.0,77.0,69.0,69.0,62.0,56.0,56.0,64.0,54.0,53.0,72.0,83.0,81.0,88.0,96.0,93.0,91.0,89.0,95.0,,,,,,,,,,,,,,,,,,,,,,,,,,,,,,,,,,,,,,,,,,,,,,,19,53.0
187,"Messina, Jo Dee",Because You Love Me,3.83333333333,Country,2000-01-29,2000-03-11,83.0,78.0,71.0,71.0,66.0,55.0,53.0,57.0,61.0,61.0,61.0,72.0,93.0,,,,,,,,,,,,,,,,,,,,,,,,,,,,,,,,,,,,,,,,,,,,,,,,,,,,,13,53.0
188,"Keith, Toby",Country Comes To Town,3.65,Country,2000-08-05,2000-10-14,82.0,78.0,75.0,69.0,66.0,62.0,59.0,58.0,55.0,55.0,54.0,62.0,81.0,95.0,93.0,,,,,,,,,,,,,,,,,,,,,,,,,,,,,,,,,,,,,,,,,,,,,,,,,,,15,54.0
189,Beenie Man,Girls Dem Sugar,4.28333333333,Reggae,2000-10-21,2000-12-02,72.0,72.0,63.0,56.0,62.0,63.0,54.0,60.0,69.0,75.0,84.0,92.0,85.0,84.0,95.0,,,,,,,,,,,,,,,,,,,,,,,,,,,,,,,,,,,,,,,,,,,,,,,,,,,15,54.0
190,"Hill, Faith",Let's Make Love,4.18333333333,Rap,2000-08-12,2000-10-21,83.0,83.0,73.0,73.0,67.0,60.0,60.0,60.0,57.0,55.0,54.0,69.0,88.0,91.0,,,,,,,,,,,,,,,,,,,,,,,,,,,,,,,,,,,,,,,,,,,,,,,,,,,,14,54.0
191,Kelis,Caught Out There,4.15,R&B,1999-12-04,2000-01-08,84.0,68.0,67.0,63.0,63.0,54.0,56.0,59.0,68.0,67.0,75.0,90.0,,,,,,,,,,,,,,,,,,,,,,,,,,,,,,,,,,,,,,,,,,,,,,,,,,,,,,12,54.0
192,Jay-Z,Anything,3.68333333333,Rap,2000-02-26,2000-03-11,72.0,58.0,55.0,55.0,63.0,74.0,86.0,92.0,,,,,,,,,,,,,,,,,,,,,,,,,,,,,,,,,,,,,,,,,,,,,,,,,,,,,,,,,,8,55.0
193,3 Doors Down,Loser,4.4,Rock,2000-10-21,2000-12-02,76.0,76.0,72.0,69.0,67.0,65.0,55.0,59.0,62.0,61.0,61.0,59.0,61.0,66.0,72.0,76.0,75.0,67.0,73.0,70.0,,,,,,,,,,,,,,,,,,,,,,,,,,,,,,,,,,,,,,,,,,,,,,20,55.0
194,Brooks & Dunn,You'll Always Be Loved By Me,2.96666666667,Country,2000-06-10,2000-09-09,95.0,85.0,85.0,85.0,83.0,83.0,82.0,74.0,74.0,68.0,62.0,56.0,56.0,55.0,62.0,71.0,86.0,100.0,98.0,,,,,,,,,,,,,,,,,,,,,,,,,,,,,,,,,,,,,,,,,,,,,,,19,55.0
195,"Chesney, Kenny",What I Need To Do,4.08333333333,Country,2000-04-01,2000-06-10,79.0,74.0,68.0,72.0,69.0,69.0,62.0,58.0,57.0,57.0,56.0,56.0,56.0,72.0,80.0,93.0,95.0,,,,,,,,,,,,,,,,,,,,,,,,,,,,,,,,,,,,,,,,,,,,,,,,,17,56.0
196,"Stone, Angie",No More Rain (In This Cloud),4.7,R&B,1999-12-25,2000-01-22,86.0,86.0,74.0,66.0,56.0,60.0,56.0,60.0,67.0,69.0,63.0,73.0,71.0,81.0,89.0,98.0,100.0,,,,,,,,,,,,,,,,,,,,,,,,,,,,,,,,,,,,,,,,,,,,,,,,,17,56.0
197,Da Brat,That's What I'm Looking For,3.73333333333,Rap,2000-02-26,2000-04-15,93.0,73.0,60.0,60.0,60.0,60.0,63.0,56.0,58.0,70.0,71.0,72.0,90.0,94.0,94.0,94.0,94.0,100.0,,,,,,,,,,,,,,,,,,,,,,,,,,,,,,,,,,,,,,,,,,,,,,,,18,56.0
198,SheDaisy,This Woman Needs,3.33333333333,Country,2000-02-05,2000-03-04,82.0,70.0,70.0,67.0,57.0,57.0,61.0,68.0,82.0,,,,,,,,,,,,,,,,,,,,,,,,,,,,,,,,,,,,,,,,,,,,,,,,,,,,,,,,,9,57.0
199,Papa Roach,Last Resort,3.31666666667,Rock,2000-07-29,2000-12-02,75.0,71.0,69.0,69.0,66.0,64.0,61.0,61.0,66.0,64.0,63.0,60.0,65.0,66.0,62.0,66.0,64.0,64.0,57.0,72.0,,,,,,,,,,,,,,,,,,,,,,,,,,,,,,,,,,,,,,,,,,,,,,20,57.0
200,"Adams, Yolanda",Open My Heart,5.5,Gospel,2000-08-26,2000-10-21,76.0,76.0,74.0,69.0,68.0,67.0,61.0,58.0,57.0,59.0,66.0,68.0,61.0,67.0,59.0,63.0,67.0,71.0,79.0,89.0,,,,,,,,,,,,,,,,,,,,,,,,,,,,,,,,,,,,,,,,,,,,,,20,57.0
201,Shyne,Bad Boyz,4.36666666667,Rap,2000-09-09,2000-10-28,94.0,87.0,90.0,90.0,82.0,67.0,61.0,57.0,71.0,78.0,74.0,81.0,88.0,96.0,100.0,,,,,,,,,,,,,,,,,,,,,,,,,,,,,,,,,,,,,,,,,,,,,,,,,,,15,57.0
202,R.E.M.,The Great Beyond,4.16666666667,Rock,1999-12-25,2000-01-29,79.0,79.0,70.0,62.0,60.0,57.0,61.0,66.0,60.0,59.0,60.0,63.0,79.0,91.0,,,,,,,,,,,,,,,,,,,,,,,,,,,,,,,,,,,,,,,,,,,,,,,,,,,,14,57.0
203,"Diffie, Joe",It's Always Somethin',2.91666666667,Country,2000-08-12,2000-09-16,81.0,78.0,67.0,63.0,60.0,57.0,63.0,69.0,78.0,85.0,92.0,92.0,,99.0,100.0,,,,,,,,,,,,,,,,,,,,,,,,,,,,,,,,,,,,,,,,,,,,,,,,,,,14,57.0
204,"McGraw, Tim",Some Things Never Change,3.93333333333,Country,2000-05-13,2000-07-01,76.0,66.0,66.0,65.0,63.0,60.0,60.0,58.0,58.0,58.0,58.0,59.0,70.0,93.0,,,,,,,,,,,,,,,,,,,,,,,,,,,,,,,,,,,,,,,,,,,,,,,,,,,,14,58.0
205,"Henley, Don",Taking You Home,4.13333333333,Rock,2000-06-24,2000-08-05,79.0,77.0,74.0,73.0,66.0,62.0,58.0,58.0,61.0,68.0,71.0,71.0,79.0,83.0,85.0,87.0,83.0,90.0,87.0,87.0,,,,,,,,,,,,,,,,,,,,,,,,,,,,,,,,,,,,,,,,,,,,,,20,58.0
206,Eminem,The Way I Am,4.66666666667,Rap,2000-08-26,2000-09-30,87.0,74.0,59.0,65.0,59.0,58.0,59.0,62.0,89.0,86.0,,,,,,,,,,,,,,,,,,,,,,,,,,,,,,,,,,,,,,,,,,,,,,,,,,,,,,,,10,58.0
207,Nas,You Owe Me,3.85,R&B,2000-03-25,2000-04-15,74.0,72.0,68.0,59.0,59.0,59.0,67.0,67.0,63.0,69.0,75.0,82.0,79.0,88.0,95.0,96.0,,,,,,,,,,,,,,,,,,,,,,,,,,,,,,,,,,,,,,,,,,,,,,,,,,16,59.0
208,Sister Hazel,Change Your Mind,4.03333333333,Rock,2000-07-15,2000-08-05,75.0,67.0,66.0,59.0,63.0,71.0,78.0,81.0,78.0,78.0,84.0,87.0,94.0,91.0,93.0,95.0,100.0,98.0,96.0,98.0,,,,,,,,,,,,,,,,,,,,,,,,,,,,,,,,,,,,,,,,,,,,,,20,59.0
209,Puff Daddy,Best Friend,5.55,Rap,2000-02-12,2000-02-19,65.0,59.0,62.0,79.0,99.0,,,,,,,,,,,,,,,,,,,,,,,,,,,,,,,,,,,,,,,,,,,,,,,,,,,,,,,,,,,,,5,59.0
210,"McBride, Martina",There You Are,3.43333333333,Country,2000-09-09,2000-10-21,79.0,75.0,75.0,75.0,73.0,64.0,60.0,60.0,60.0,63.0,63.0,82.0,92.0,,,,,,,,,,,,,,,,,,,,,,,,,,,,,,,,,,,,,,,,,,,,,,,,,,,,,13,60.0
211,Usher,Pop Ya Collar,3.6,Rock,2000-11-04,2000-11-18,68.0,64.0,60.0,60.0,62.0,79.0,93.0,,,,,,,,,,,,,,,,,,,,,,,,,,,,,,,,,,,,,,,,,,,,,,,,,,,,,,,,,,,7,60.0
212,Lil' Kim,No Matter What They Say,4.2,Rap,2000-07-15,2000-08-05,80.0,72.0,67.0,60.0,65.0,73.0,81.0,86.0,90.0,97.0,,,,,,,,,,,,,,,,,,,,,,,,,,,,,,,,,,,,,,,,,,,,,,,,,,,,,,,,10,60.0
213,LFO,I Don't Wanna Kiss You Goodnight,5.0,Rock,2000-04-15,2000-04-22,63.0,61.0,68.0,73.0,91.0,,,,,,,,,,,,,,,,,,,,,,,,,,,,,,,,,,,,,,,,,,,,,,,,,,,,,,,,,,,,,5,61.0
214,SheDaisy,Deck The Halls,3.76666666667,Country,1999-12-25,2000-01-01,97.0,61.0,,,,,,,,,,,,,,,,,,,,,,,,,,,,,,,,,,,,,,,,,,,,,,,,,,,,,,,,,,,,,,,,2,61.0
215,Splender,I Think God Can Explain,3.91666666667,R&B,2000-06-10,2000-06-24,71.0,66.0,62.0,62.0,62.0,64.0,65.0,71.0,81.0,89.0,95.0,100.0,,,,,,,,,,,,,,,,,,,,,,,,,,,,,,,,,,,,,,,,,,,,,,,,,,,,,,12,62.0
216,"Simpson, Jessica",Where You Are,3.85,Rock,2000-04-01,2000-04-15,73.0,66.0,62.0,62.0,76.0,93.0,,,,,,,,,,,,,,,,,,,,,,,,,,,,,,,,,,,,,,,,,,,,,,,,,,,,,,,,,,,,6,62.0
217,M2M,Mirror Mirror,3.31666666667,Pop,2000-04-01,2000-05-27,87.0,87.0,94.0,91.0,75.0,68.0,65.0,86.0,62.0,70.0,74.0,70.0,70.0,80.0,82.0,87.0,90.0,96.0,,,,,,,,,,,,,,,,,,,,,,,,,,,,,,,,,,,,,,,,,,,,,,,,18,62.0
218,Kumbia Kings,U Don't Love Me,3.83333333333,R&B,2000-03-04,2000-03-18,81.0,64.0,62.0,67.0,70.0,70.0,75.0,87.0,89.0,100.0,,,,,,,,,,,,,,,,,,,,,,,,,,,,,,,,,,,,,,,,,,,,,,,,,,,,,,,,10,62.0
219,Joe,Treat Her Like A Lady,4.2,Rock,2000-08-05,2000-08-19,77.0,75.0,63.0,63.0,69.0,64.0,68.0,67.0,72.0,79.0,78.0,84.0,85.0,90.0,89.0,99.0,100.0,,,,,,,,,,,,,,,,,,,,,,,,,,,,,,,,,,,,,,,,,,,,,,,,,17,63.0
220,"Blige, Mary J.",Deep Inside,5.43333333333,Rock,1999-11-13,2000-01-22,83.0,80.0,80.0,75.0,75.0,73.0,64.0,64.0,65.0,67.0,63.0,67.0,75.0,85.0,94.0,,,,,,,,,,,,,,,,,,,,,,,,,,,,,,,,,,,,,,,,,,,,,,,,,,,15,63.0
221,"Price, Kelly",You Should've Told Me,3.2,Rock,2000-09-23,2000-12-02,91.0,91.0,91.0,87.0,86.0,79.0,79.0,75.0,70.0,68.0,64.0,64.0,68.0,70.0,74.0,90.0,86.0,85.0,93.0,92.0,,,,,,,,,,,,,,,,,,,,,,,,,,,,,,,,,,,,,,,,,,,,,,20,64.0
222,Changing Faces,That Other Woman,4.0,Rock,2000-09-30,2000-10-28,80.0,72.0,66.0,66.0,64.0,76.0,65.0,66.0,75.0,85.0,97.0,,,,,,,,,,,,,,,,,,,,,,,,,,,,,,,,,,,,,,,,,,,,,,,,,,,,,,,11,64.0
223,"Wright, Chely",It Was,3.85,R&B,2000-03-04,2000-04-15,86.0,78.0,75.0,72.0,71.0,69.0,64.0,75.0,85.0,98.0,,,,,,,,,,,,,,,,,,,,,,,,,,,,,,,,,,,,,,,,,,,,,,,,,,,,,,,,10,64.0
224,Limp Bizkit,Rollin',4.06666666667,Rock,2000-11-11,2000-12-09,77.0,73.0,72.0,66.0,65.0,65.0,67.0,73.0,74.0,78.0,80.0,86.0,86.0,91.0,93.0,96.0,100.0,,,,,,,,,,,,,,,,,,,,,,,,,,,,,,,,,,,,,,,,,,,,,,,,,17,65.0
225,Hot Boys,I Need A Hot Girl,4.26666666667,Rap,2000-02-19,2000-03-11,77.0,75.0,71.0,65.0,65.0,70.0,69.0,77.0,79.0,90.0,92.0,95.0,100.0,,,,,,,,,,,,,,,,,,,,,,,,,,,,,,,,,,,,,,,,,,,,,,,,,,,,,13,65.0
226,Jay-Z,Do It Again (Put Ya Hands Up),3.78333333333,Rap,2000-01-15,2000-01-29,95.0,68.0,65.0,65.0,74.0,84.0,92.0,96.0,95.0,,,,,,,,,,,,,,,,,,,,,,,,,,,,,,,,,,,,,,,,,,,,,,,,,,,,,,,,,9,65.0
227,"Adkins, Trace",More,3.08333333333,Country,2000-04-29,2000-06-17,84.0,84.0,75.0,73.0,73.0,69.0,68.0,65.0,73.0,83.0,92.0,,,,,,,,,,,,,,,,,,,,,,,,,,,,,,,,,,,,,,,,,,,,,,,,,,,,,,,11,65.0
228,"Dixie Chicks, The",Cold Day In July,5.2,Country,2000-06-24,2000-08-05,80.0,79.0,76.0,72.0,68.0,68.0,65.0,70.0,84.0,91.0,,,,,,,,,,,,,,,,,,,,,,,,,,,,,,,,,,,,,,,,,,,,,,,,,,,,,,,,10,65.0
229,"Price, Kelly",As We Lay,6.33333333333,Rock,2000-07-15,2000-08-05,82.0,69.0,69.0,64.0,71.0,79.0,82.0,89.0,,,,,,,,,,,,,,,,,,,,,,,,,,,,,,,,,,,,,,,,,,,,,,,,,,,,,,,,,,8,64.0
230,DMX,What's My Name,3.83333333333,Rap,2000-01-15,2000-02-12,98.0,76.0,69.0,69.0,67.0,73.0,76.0,90.0,90.0,94.0,100.0,,,,,,,,,,,,,,,,,,,,,,,,,,,,,,,,,,,,,,,,,,,,,,,,,,,,,,,11,67.0
231,"Martin, Ricky",Private Emotion,4.03333333333,Latin,2000-03-11,2000-03-18,76.0,67.0,71.0,78.0,89.0,,,,,,,,,,,,,,,,,,,,,,,,,,,,,,,,,,,,,,,,,,,,,,,,,,,,,,,,,,,,,5,67.0
232,Nine Days,If I Am,4.3,Rock,2000-12-02,2000-12-02,68.0,68.0,81.0,94.0,100.0,,,,,,,,,,,,,,,,,,,,,,,,,,,,,,,,,,,,,,,,,,,,,,,,,,,,,,,,,,,,,5,68.0
233,"Blige, Mary J.",Give Me You,5.0,Rock,2000-04-15,2000-05-13,97.0,94.0,77.0,76.0,68.0,77.0,89.0,90.0,,100.0,,,,,,,,,,,,,,,,,,,,,,,,,,,,,,,,,,,,,,,,,,,,,,,,,,,,,,,,9,68.0
234,Red Hot Chili Peppers,Californication,5.35,Rock,2000-07-29,2000-10-14,72.0,72.0,72.0,77.0,79.0,77.0,75.0,84.0,85.0,79.0,74.0,69.0,74.0,75.0,77.0,71.0,78.0,89.0,97.0,,,,,,,,,,,,,,,,,,,,,,,,,,,,,,,,,,,,,,,,,,,,,,,19,69.0
235,Third Eye Blind,Deep Inside Of You,4.16666666667,Rock,2000-09-02,2000-10-07,80.0,73.0,70.0,70.0,70.0,69.0,72.0,79.0,90.0,97.0,95.0,93.0,,,,,,,,,,,,,,,,,,,,,,,,,,,,,,,,,,,,,,,,,,,,,,,,,,,,,,12,69.0
236,"Brooks, Garth",Do What You Gotta Do,2.93333333333,Country,2000-02-19,2000-03-18,86.0,81.0,72.0,70.0,69.0,77.0,,,,,,,,,,,,,,,,,,,,,,,,,,,,,,,,,,,,,,,,,,,,,,,,,,,,,,,,,,,,6,69.0
237,"Offspring, The",Original Prankster,3.7,Rock,2000-11-25,2000-12-09,74.0,71.0,70.0,70.0,77.0,78.0,91.0,89.0,92.0,,,,,,,,,,,,,,,,,,,,,,,,,,,,,,,,,,,,,,,,,,,,,,,,,,,,,,,,,9,70.0
238,"Anthony, Marc",My Baby You,3.98333333333,Latin,2000-09-16,2000-10-07,82.0,76.0,76.0,70.0,82.0,81.0,74.0,80.0,76.0,76.0,73.0,74.0,87.0,83.0,89.0,93.0,94.0,94.0,91.0,90.0,,,,,,,,,,,,,,,,,,,,,,,,,,,,,,,,,,,,,,,,,,,,,,20,70.0
239,"Houston, Whitney","Same Script, Different Cast",4.75,Rock,2000-06-17,2000-07-15,71.0,71.0,71.0,71.0,70.0,75.0,77.0,88.0,91.0,,,,,,,,,,,,,,,,,,,,,,,,,,,,,,,,,,,,,,,,,,,,,,,,,,,,,,,,,9,70.0
240,D'Angelo,Left & Right,4.58333333333,R&B,1999-12-11,2000-01-01,93.0,77.0,75.0,70.0,91.0,,,,,,,,,,,,,,,,,,,,,,,,,,,,,,,,,,,,,,,,,,,,,,,,,,,,,,,,,,,,,5,70.0
241,"Kravitz, Lenny",I Belong To You,4.28333333333,Rock,2000-03-25,2000-04-08,78.0,77.0,71.0,71.0,71.0,83.0,90.0,90.0,93.0,,,,,,,,,,,,,,,,,,,,,,,,,,,,,,,,,,,,,,,,,,,,,,,,,,,,,,,,,9,71.0
242,"Loveless, Patty",That's The Kind Of Mood I'm In,3.45,Country,2000-09-16,2000-11-18,98.0,93.0,93.0,93.0,88.0,88.0,82.0,81.0,73.0,71.0,71.0,72.0,85.0,91.0,,,,,,,,,,,,,,,,,,,,,,,,,,,,,,,,,,,,,,,,,,,,,,,,,,,,14,71.0
243,Q-Tip,Breathe And Stop,4.1,Rock,2000-01-22,2000-01-22,71.0,71.0,81.0,82.0,96.0,,,,,,,,,,,,,,,,,,,,,,,,,,,,,,,,,,,,,,,,,,,,,,,,,,,,,,,,,,,,,5,71.0
244,"Rimes, LeAnn",Can't Fight The Moonlight,3.55,Country,2000-09-09,2000-09-16,82.0,71.0,79.0,83.0,96.0,99.0,78.0,78.0,83.0,79.0,77.0,76.0,79.0,81.0,88.0,85.0,86.0,79.0,87.0,93.0,,,,,,,,,,,,,,,,,,,,,,,,,,,,,,,,,,,,,,,,,,,,,,20,71.0
245,Lil Wayne,Tha Block Is Hot,4.21666666667,Rap,1999-12-04,2000-01-08,99.0,89.0,92.0,84.0,84.0,72.0,81.0,81.0,86.0,87.0,95.0,,,,,,,,,,,,,,,,,,,,,,,,,,,,,,,,,,,,,,,,,,,,,,,,,,,,,,,11,72.0
246,2 Pac,Baby Don't Cry (Keep Ya Head Up II),4.36666666667,Rap,2000-02-26,2000-03-11,87.0,82.0,72.0,77.0,87.0,94.0,99.0,,,,,,,,,,,,,,,,,,,,,,,,,,,,,,,,,,,,,,,,,,,,,,,,,,,,,,,,,,,7,72.0
247,"Wallflowers, The",Sleepwalker,3.48333333333,Rock,2000-10-28,2000-10-28,73.0,73.0,74.0,80.0,90.0,96.0,,,,,,,,,,,,,,,,,,,,,,,,,,,,,,,,,,,,,,,,,,,,,,,,,,,,,,,,,,,,6,73.0
248,Drama,"Left, Right, Left",3.61666666667,Rap,2000-02-12,2000-03-18,100.0,98.0,89.0,80.0,75.0,73.0,80.0,86.0,91.0,96.0,100.0,98.0,96.0,,,,,,,,,,,,,,,,,,,,,,,,,,,,,,,,,,,,,,,,,,,,,,,,,,,,,13,73.0
249,Limp Bizkit,N 2 Gether Now,3.91666666667,Rock,1999-12-04,2000-01-08,94.0,88.0,85.0,78.0,78.0,73.0,84.0,86.0,90.0,97.0,96.0,,,,,,,,,,,,,,,,,,,,,,,,,,,,,,,,,,,,,,,,,,,,,,,,,,,,,,,11,73.0
250,Lox,"Ryde or Die, Chick",3.93333333333,Rap,2000-03-18,2000-03-25,86.0,73.0,80.0,84.0,91.0,97.0,97.0,,,,,,,,,,,,,,,,,,,,,,,,,,,,,,,,,,,,,,,,,,,,,,,,,,,,,,,,,,,7,73.0
251,Ying Yang Twins,Whistle While You Twurk,4.31666666667,Rap,2000-03-18,2000-04-29,95.0,94.0,91.0,85.0,84.0,78.0,74.0,78.0,85.0,89.0,97.0,96.0,99.0,99.0,,,,,,,,,,,,,,,,,,,,,,,,,,,,,,,,,,,,,,,,,,,,,,,,,,,,14,74.0
252,"Walker, Clay","Live, Laugh, Love",4.1,Country,1999-12-04,2000-01-22,95.0,95.0,94.0,94.0,94.0,95.0,82.0,74.0,79.0,92.0,98.0,,,,,,,,,,,,,,,,,,,,,,,,,,,,,,,,,,,,,,,,,,,,,,,,,,,,,,,11,74.0
253,Metallica,No Leaf Clover (Live),5.71666666667,Rock,2000-02-12,2000-03-11,86.0,81.0,78.0,76.0,74.0,80.0,86.0,93.0,95.0,95.0,,,,,,,,,,,,,,,,,,,,,,,,,,,,,,,,,,,,,,,,,,,,,,,,,,,,,,,,10,74.0
254,Yankee Grey,Another Nine Minutes,3.16666666667,Country,2000-04-29,2000-05-20,86.0,83.0,77.0,74.0,83.0,79.0,88.0,95.0,,,,,,,,,,,,,,,,,,,,,,,,,,,,,,,,,,,,,,,,,,,,,,,,,,,,,,,,,,8,74.0
255,"Bega, Lou",Tricky Tricky ,3.38333333333,Rock,2000-01-29,2000-02-05,75.0,74.0,87.0,,,,,,,,,,,,,,,,,,,,,,,,,,,,,,,,,,,,,,,,,,,,,,,,,,,,,,,,,,,,,,,3,74.0
256,Big Punisher,It's So Hard,3.41666666667,Rap,2000-04-22,2000-05-06,96.0,87.0,75.0,79.0,81.0,81.0,76.0,76.0,78.0,84.0,90.0,88.0,94.0,98.0,100.0,,,,,,,,,,,,,,,,,,,,,,,,,,,,,,,,,,,,,,,,,,,,,,,,,,,15,75.0
257,"Worley, Darryl",When You Need My Love,3.58333333333,Country,2000-06-17,2000-09-02,98.0,88.0,93.0,92.0,85.0,85.0,84.0,80.0,80.0,80.0,80.0,75.0,78.0,86.0,99.0,,,,,,,,,,,,,,,,,,,,,,,,,,,,,,,,,,,,,,,,,,,,,,,,,,,15,75.0
258,Lil' Kim,How Many Licks?,3.83333333333,Rap,2000-11-25,2000-12-02,79.0,75.0,77.0,86.0,86.0,89.0,,,96.0,96.0,96.0,,,,,,,,,,,,,,,,,,,,,,,,,,,,,,,,,,,,,,,,,,,,,,,,,,,,,,,9,75.0
259,"Clark, Terri",A Little Gasoline,3.11666666667,Country,2000-12-16,2000-12-16,75.0,82.0,88.0,96.0,99.0,99.0,,,,,,,,,,,,,,,,,,,,,,,,,,,,,,,,,,,,,,,,,,,,,,,,,,,,,,,,,,,,6,75.0
260,"Brock, Chad",A Country Boy Can Survive,3.9,Country,2000-01-01,2000-01-08,93.0,75.0,92.0,,,,,,,,,,,,,,,,,,,,,,,,,,,,,,,,,,,,,,,,,,,,,,,,,,,,,,,,,,,,,,,3,75.0
261,"Cagle, Chris",My Love Goes On And On,3.03333333333,Country,2000-10-21,2000-12-02,99.0,94.0,94.0,87.0,84.0,83.0,76.0,76.0,79.0,83.0,91.0,,,,,,,,,,,,,,,,,,,,,,,,,,,,,,,,,,,,,,,,,,,,,,,,,,,,,,,11,76.0
262,"Byrd, Tracy",Put Your Hand In Mine,4.5,Country,2000-01-29,2000-02-12,81.0,77.0,76.0,76.0,86.0,88.0,92.0,99.0,,,,,,,,,,,,,,,,,,,,,,,,,,,,,,,,,,,,,,,,,,,,,,,,,,,,,,,,,,8,76.0
263,Metallica,I Disappear,4.43333333333,Rock,2000-05-13,2000-06-17,86.0,84.0,88.0,81.0,81.0,76.0,81.0,81.0,78.0,84.0,83.0,82.0,87.0,88.0,91.0,94.0,98.0,95.0,89.0,95.0,,,,,,,,,,,,,,,,,,,,,,,,,,,,,,,,,,,,,,,,,,,,,,20,76.0
264,Jay-Z,Hey Papi,3.66666666667,Rap,2000-08-12,2000-10-07,98.0,100.0,98.0,94.0,83.0,83.0,80.0,78.0,76.0,77.0,85.0,91.0,93.0,88.0,94.0,,,,,,,,,,,,,,,,,,,,,,,,,,,,,,,,,,,,,,,,,,,,,,,,,,,15,76.0
265,Fatboy Slim,The Rockafeller Skank,4.0,Electronica,1999-11-13,2000-01-22,94.0,94.0,94.0,87.0,77.0,77.0,83.0,82.0,82.0,92.0,76.0,95.0,,,,,,,,,,,,,,,,,,,,,,,,,,,,,,,,,,,,,,,,,,,,,,,,,,,,,,12,76.0
266,"Levert, Gerald",Mr. Too Damn Good,4.1,R&B,2000-03-18,2000-04-08,84.0,83.0,83.0,76.0,86.0,86.0,88.0,97.0,,,,,,,,,,,,,,,,,,,,,,,,,,,,,,,,,,,,,,,,,,,,,,,,,,,,,,,,,,8,76.0
267,"McKnight, Brian",Stay Or Let It Go,4.53333333333,Rock,2000-02-26,2000-03-25,95.0,92.0,82.0,78.0,76.0,88.0,100.0,93.0,,,,,,,,,,,,,,,,,,,,,,,,,,,,,,,,,,,,,,,,,,,,,,,,,,,,,,,,,,8,76.0
268,"Allan, Gary",Smoke Rings In The Dark,4.3,Country,2000-01-22,2000-02-05,80.0,78.0,76.0,77.0,92.0,,,,,,,,,,,,,,,,,,,,,,,,,,,,,,,,,,,,,,,,,,,,,,,,,,,,,,,,,,,,,5,76.0
269,Ginuwine,The Best Man I Can Be,4.1,Rock,2000-01-08,2000-03-04,97.0,97.0,83.0,94.0,84.0,88.0,85.0,82.0,77.0,77.0,85.0,89.0,,,,,,,,,,,,,,,,,,,,,,,,,,,,,,,,,,,,,,,,,,,,,,,,,,,,,,12,77.0
270,Before Dark,Monica,4.06666666667,Rock,2000-05-20,2000-06-17,95.0,87.0,80.0,80.0,77.0,87.0,91.0,91.0,100.0,,,,,,,,,,,,,,,,,,,,,,,,,,,,,,,,,,,,,,,,,,,,,,,,,,,,,,,,,9,77.0
271,"Estefan, Gloria",No Me Dejes De Querer,3.41666666667,Rock,2000-06-10,2000-06-10,77.0,,,,,,,,,,,,,,,,,,,,,,,,,,,,,,,,,,,,,,,,,,,,,,,,,,,,,,,,,,,,,,,,,1,77.0
272,Stone Temple Pilots,Sour Girl,4.26666666667,Rock,2000-07-08,2000-07-29,79.0,79.0,79.0,78.0,78.0,87.0,89.0,88.0,95.0,93.0,91.0,94.0,98.0,,,,,,,,,,,,,,,,,,,,,,,,,,,,,,,,,,,,,,,,,,,,,,,,,,,,,13,78.0
273,Montgomery Gentry,Daddy Won't Sell The Farm,4.3,Country,2000-03-04,2000-03-25,87.0,83.0,81.0,79.0,81.0,96.0,,,,,,,,,,,,,,,,,,,,,,,,,,,,,,,,,,,,,,,,,,,,,,,,,,,,,,,,,,,,6,79.0
274,"Cyrus, Billy Ray",You Won't Be Lonely Now,3.75,Country,2000-09-23,2000-11-11,97.0,97.0,97.0,92.0,91.0,88.0,85.0,80.0,82.0,80.0,80.0,89.0,95.0,,,,,,,,,,,,,,,,,,,,,,,,,,,,,,,,,,,,,,,,,,,,,,,,,,,,,13,80.0
275,Clark Family Experience,Meanwhile Back At The Ranch,2.93333333333,Country,2000-11-18,2000-12-16,87.0,86.0,81.0,92.0,80.0,80.0,82.0,84.0,82.0,81.0,85.0,91.0,,,,,,,,,,,,,,,,,,,,,,,,,,,,,,,,,,,,,,,,,,,,,,,,,,,,,,12,80.0
276,"Thomas, Carl",Summer Rain,4.95,Rock,2000-09-23,2000-10-14,82.0,82.0,86.0,80.0,82.0,83.0,84.0,82.0,88.0,94.0,95.0,,,,,,,,,,,,,,,,,,,,,,,,,,,,,,,,,,,,,,,,,,,,,,,,,,,,,,,11,80.0
277,"Yearwood, Trisha",Real Live Woman,3.91666666667,Country,2000-04-01,2000-04-29,85.0,83.0,83.0,82.0,81.0,91.0,,,,,,,,,,,,,,,,,,,,,,,,,,,,,,,,,,,,,,,,,,,,,,,,,,,,,,,,,,,,6,81.0
278,Trick Daddy,Shut Up,4.28333333333,Rap,2000-05-20,2000-06-17,99.0,95.0,87.0,87.0,83.0,83.0,89.0,87.0,92.0,92.0,97.0,,,,,,,,,,,,,,,,,,,,,,,,,,,,,,,,,,,,,,,,,,,,,,,,,,,,,,,11,83.0
279,"Moore, Chante",Straight Up,3.66666666667,Rock,2000-10-28,2000-12-02,98.0,98.0,97.0,90.0,85.0,83.0,83.0,97.0,98.0,,,,,,,,,,,,,,,,,,,,,,,,,,,,,,,,,,,,,,,,,,,,,,,,,,,,,,,,,9,83.0
280,Cam'ron,What Means The World To You,4.63333333333,Rap,2000-10-14,2000-11-18,94.0,94.0,96.0,91.0,84.0,83.0,88.0,87.0,95.0,92.0,,,,,,,,,,,,,,,,,,,,,,,,,,,,,,,,,,,,,,,,,,,,,,,,,,,,,,,,10,83.0
281,Juvenile,U Understand,3.85,Rap,2000-02-05,2000-02-12,85.0,83.0,100.0,98.0,97.0,96.0,,,,,,,,,,,,,,,,,,,,,,,,,,,,,,,,,,,,,,,,,,,,,,,,,,,,,,,,,,,,6,83.0
282,"Hollister, Dave",Can't Stay,6.28333333333,Rock,2000-03-25,2000-03-25,84.0,84.0,93.0,98.0,,,,,,,,,,,,,,,,,,,,,,,,,,,,,,,,,,,,,,,,,,,,,,,,,,,,,,,,,,,,,,4,84.0
283,Tamia,Can't Go For That,3.63333333333,Rock,2000-09-16,2000-09-30,90.0,86.0,84.0,88.0,97.0,,,,,,,,,,,,,,,,,,,,,,,,,,,,,,,,,,,,,,,,,,,,,,,,,,,,,,,,,,,,,5,84.0
284,LFO,West Side Story,3.45,Rock,2000-08-05,2000-08-12,96.0,84.0,88.0,96.0,,,,,,,,,,,,,,,,,,,,,,,,,,,,,,,,,,,,,,,,,,,,,,,,,,,,,,,,,,,,,,4,84.0
285,"Paisley, Brad",Me Neither,3.31666666667,Country,2000-05-13,2000-05-20,87.0,85.0,90.0,92.0,,,,,,,,,,,,,,,,,,,,,,,,,,,,,,,,,,,,,,,,,,,,,,,,,,,,,,,,,,,,,,4,85.0
286,"Carter, Torrey",Take That,3.71666666667,Rock,2000-06-24,2000-07-08,94.0,88.0,86.0,91.0,89.0,87.0,99.0,,,,,,,,,,,,,,,,,,,,,,,,,,,,,,,,,,,,,,,,,,,,,,,,,,,,,,,,,,,7,86.0
287,2Ge+her,The Hardest Part Of Breaking Up (Is Getting Back Your Stuff),3.25,R&B,2000-09-02,2000-09-09,91.0,87.0,92.0,,,,,,,,,,,,,,,,,,,,,,,,,,,,,,,,,,,,,,,,,,,,,,,,,,,,,,,,,,,,,,,3,87.0
288,Madison Avenue,Don't Call Me Baby,3.73333333333,Electronica,2000-07-08,2000-09-16,98.0,96.0,93.0,93.0,93.0,92.0,92.0,92.0,90.0,92.0,88.0,88.0,88.0,95.0,93.0,98.0,93.0,92.0,90.0,97.0,,,,,,,,,,,,,,,,,,,,,,,,,,,,,,,,,,,,,,,,,,,,,,20,88.0
289,Eve,Got It All,3.8,Rap,2000-07-15,2000-07-22,89.0,88.0,88.0,91.0,95.0,,,,,,,,,,,,,,,,,,,,,,,,,,,,,,,,,,,,,,,,,,,,,,,,,,,,,,,,,,,,,5,88.0
290,Limp Bizkit,Re-Arranged,4.13333333333,Rock,1999-12-04,2000-02-05,91.0,91.0,90.0,95.0,95.0,99.0,96.0,96.0,92.0,88.0,89.0,93.0,91.0,91.0,89.0,90.0,93.0,100.0,,,,,,,,,,,,,,,,,,,,,,,,,,,,,,,,,,,,,,,,,,,,,,,,18,88.0
291,"Spencer, Tracie",Still In My Heart,4.18333333333,Rock,2000-03-04,2000-03-11,95.0,88.0,98.0,,,,,,,,,,,,,,,,,,,,,,,,,,,,,,,,,,,,,,,,,,,,,,,,,,,,,,,,,,,,,,,3,88.0
292,Nu Flavor,3 Little Words,3.9,R&B,2000-06-03,2000-06-17,97.0,97.0,89.0,89.0,94.0,90.0,99.0,97.0,98.0,,,,,,,,,,,,,,,,,,,,,,,,,,,,,,,,,,,,,,,,,,,,,,,,,,,,,,,,,9,89.0
293,Tamar,If You Don't Wanna Love Me,4.03333333333,Rock,2000-03-25,2000-04-15,98.0,98.0,92.0,89.0,92.0,93.0,,,,,,,,,,,,,,,,,,,,,,,,,,,,,,,,,,,,,,,,,,,,,,,,,,,,,,,,,,,,6,89.0
294,"Levert, Gerald",Baby U Are,4.16666666667,R&B,2000-08-19,2000-08-26,96.0,89.0,92.0,96.0,96.0,,,,,,,,,,,,,,,,,,,,,,,,,,,,,,,,,,,,,,,,,,,,,,,,,,,,,,,,,,,,,5,89.0
295,"Hart, Beth",L.A. Song,3.78333333333,Country,1999-11-27,2000-01-15,99.0,100.0,98.0,99.0,99.0,99.0,98.0,90.0,99.0,97.0,91.0,97.0,,,,,,,,,,,,,,,,,,,,,,,,,,,,,,,,,,,,,,,,,,,,,,,,,,,,,,12,90.0
296,"Diffie, Joe",The Quittin' Kind,3.38333333333,Country,2000-01-01,2000-01-22,98.0,100.0,100.0,90.0,93.0,94.0,,,,,,,,,,,,,,,,,,,,,,,,,,,,,,,,,,,,,,,,,,,,,,,,,,,,,,,,,,,,6,90.0
297,Funkmaster Flex,Do You,4.23333333333,Rap,2000-11-11,2000-12-02,92.0,92.0,95.0,91.0,91.0,94.0,100.0,,,,,,,,,,,,,,,,,,,,,,,,,,,,,,,,,,,,,,,,,,,,,,,,,,,,,,,,,,,7,91.0
298,"Price, Kelly",Love Sets You Free,3.76666666667,Rock,2000-05-13,2000-05-20,92.0,91.0,98.0,100.0,,,,,,,,,,,,,,,,,,,,,,,,,,,,,,,,,,,,,,,,,,,,,,,,,,,,,,,,,,,,,,4,91.0
299,En Vogue,Riddle,5.16666666667,Rock,2000-06-17,2000-06-17,92.0,92.0,97.0,100.0,,,,,,,,,,,,,,,,,,,,,,,,,,,,,,,,,,,,,,,,,,,,,,,,,,,,,,,,,,,,,,4,92.0
300,"Herndon, Ty",No Mercy,4.71666666667,Country,2000-03-18,2000-05-06,100.0,99.0,99.0,,,98.0,94.0,92.0,95.0,96.0,,,,,,,,,,,,,,,,,,,,,,,,,,,,,,,,,,,,,,,,,,,,,,,,,,,,,,,,8,92.0
301,Anastacia,I'm Outta Love,4.01666666667,Pop,2000-04-01,2000-04-01,92.0,,,95.0,,,,,,,,97.0,,,,,,,,,,,,,,,,,,,,,,,,,,,,,,,,,,,,,,,,,,,,,,,,,,,,,,3,92.0
302,Trina,Pull Over,2.96666666667,Rap,2000-09-09,2000-09-16,97.0,93.0,96.0,100.0,,,,,,,,,,,,,,,,,,,,,,,,,,,,,,,,,,,,,,,,,,,,,,,,,,,,,,,,,,,,,,4,93.0
303,Lil' Mo,Ta Da,4.28333333333,Rap,2000-08-12,2000-09-16,100.0,99.0,97.0,97.0,100.0,95.0,99.0,,,,,,,,,,,,,,,,,,,,,,,,,,,,,,,,,,,,,,,,,,,,,,,,,,,,,,,,,,,7,95.0
304,A*Teens,Dancing Queen,3.73333333333,Pop,2000-07-08,2000-07-29,97.0,97.0,96.0,95.0,100.0,,,,,,,,,,,,,,,,,,,,,,,,,,,,,,,,,,,,,,,,,,,,,,,,,,,,,,,,,,,,,5,95.0
305,"Sheist, Shade",Where I Wanna Be,4.26666666667,Rap,2000-11-11,2000-11-18,96.0,95.0,99.0,99.0,100.0,,,,,,,,,,,,,,,,,,,,,,,,,,,,,,,,,,,,,,,,,,,,,,,,,,,,,,,,,,,,,5,95.0
306,De La Soul,All Good?,5.03333333333,Rap,2000-12-23,2000-12-23,96.0,96.0,100.0,,,,,,,,,,,,,,,,,,,,,,,,,,,,,,,,,,,,,,,,,,,,,,,,,,,,,,,,,,,,,,,3,96.0
307,"Larrieux, Amel",Get Up,4.03333333333,R&B,2000-03-04,2000-03-11,100.0,97.0,97.0,,,,,,,,,,,,,,,,,,,,,,,,,,,,,,,,,,,,,,,,,,,,,,,,,,,,,,,,,,,,,,,3,97.0
308,"Braxton, Toni",Spanish Guitar,4.4,Rock,2000-12-02,2000-12-02,98.0,98.0,98.0,,,,,,,,,,,,,,,,,,,,,,,,,,,,,,,,,,,,,,,,,,,,,,,,,,,,,,,,,,,,,,,3,98.0
309,Tuesday,I Know,4.1,Rock,2000-12-30,2000-12-30,98.0,98.0,,,,,,,,,,,,,,,,,,,,,,,,,,,,,,,,,,,,,,,,,,,,,,,,,,,,,,,,,,,,,,,,2,98.0
310,LL Cool J,Imagine That,4.0,Rap,2000-08-12,2000-08-19,99.0,98.0,,,,,,,,,,,,,,,,,,,,,,,,,,,,,,,,,,,,,,,,,,,,,,,,,,,,,,,,,,,,,,,,2,98.0
311,Master P,Souljas,3.55,Rap,2000-11-18,2000-11-18,98.0,,,,,,,,,,,,,,,,,,,,,,,,,,,,,,,,,,,,,,,,,,,,,,,,,,,,,,,,,,,,,,,,,1,98.0
312,Ghostface Killah,Cherchez LaGhost,3.06666666667,R&B,2000-08-05,2000-08-05,98.0,,,,,,,,,,,,,,,,,,,,,,,,,,,,,,,,,,,,,,,,,,,,,,,,,,,,,,,,,,,,,,,,,1,98.0
313,"Smith, Will",Freakin' It,3.96666666667,Rap,2000-02-12,2000-02-12,99.0,99.0,99.0,99.0,,,,,,,,,,,,,,,,,,,,,,,,,,,,,,,,,,,,,,,,,,,,,,,,,,,,,,,,,,,,,,4,99.0
314,Zombie Nation,Kernkraft 400,3.5,Rock,2000-09-02,2000-09-02,99.0,99.0,,,,,,,,,,,,,,,,,,,,,,,,,,,,,,,,,,,,,,,,,,,,,,,,,,,,,,,,,,,,,,,,2,99.0
315,"Eastsidaz, The",Got Beef,3.96666666667,Rap,2000-07-01,2000-07-01,99.0,99.0,,,,,,,,,,,,,,,,,,,,,,,,,,,,,,,,,,,,,,,,,,,,,,,,,,,,,,,,,,,,,,,,2,99.0
316,Fragma,Toca's Miracle,3.36666666667,R&B,2000-10-28,2000-10-28,99.0,,,,,,,,,,,,,,,,,,,,,,,,,,,,,,,,,,,,,,,,,,,,,,,,,,,,,,,,,,,,,,,,,1,99.0
